company_name,writer,tweet_total,comment_total,retweet_total,like_num,reaction_total
Amazon.com,banana3stocks,5403,392.0,227.0,2010.0,2629.0
Amazon.com,davidmoadel,3535,297.0,1356.0,3350.0,5003.0
Amazon.com,wickedsplits,3143,56.0,463.0,245.0,764.0
Amazon.com,exactoptionpick,2750,9.0,23.0,226.0,258.0
Amazon.com,mikeo188,2153,711.0,214.0,1618.0,2543.0
Amazon.com,blogyomi,1606,11.0,3.0,10.0,24.0
Amazon.com,ulmhi,1493,4.0,2.0,10.0,16.0
Amazon.com,fuckcnbc,1467,4.0,294.0,79.0,377.0
Amazon.com,naashonomics,1428,46.0,221.0,261.0,528.0
Amazon.com,optionalarm,1399,4.0,16.0,131.0,151.0
Amazon.com,brianinvest,1046,86.0,4.0,212.0,302.0
Amazon.com,elliottforecast,989,20.0,282.0,301.0,603.0
Amazon.com,stehaller,846,90.0,475.0,1082.0,1647.0
Amazon.com,iamtito_,808,1.0,52.0,24.0,77.0
Amazon.com,alert_options,761,37.0,261.0,526.0,824.0
Amazon.com,wallstsolver,747,7.0,146.0,32.0,185.0
Amazon.com,fintwitamzn,699,12.0,34.0,91.0,137.0
Amazon.com,theburdettelawf,657,69.0,21.0,213.0,303.0
Amazon.com,wise_owl_trader,610,199.0,180.0,1189.0,1568.0
Amazon.com,minteractapp,608,21.0,191.0,162.0,374.0
Amazon.com,topstockalerts1,590,26.0,39.0,101.0,166.0
Amazon.com,tickwatchermf,561,36.0,84.0,345.0,465.0
Amazon.com,talkmarkets,554,4.0,12.0,60.0,76.0
Amazon.com,oactrading,553,2.0,4.0,27.0,33.0
Amazon.com,themarketisopen,539,1.0,3.0,27.0,31.0
Amazon.com,jorellarakalel,516,9.0,23.0,107.0,139.0
Amazon.com,ophirgottlieb,512,385.0,989.0,2499.0,3873.0
Amazon.com,eliteoptionswap,508,105.0,45.0,531.0,681.0
Amazon.com,freetrades4u,497,27.0,48.0,486.0,561.0
Amazon.com,sonycomeback,467,45.0,103.0,112.0,260.0
Amazon.com,newsfilterio,463,2.0,61.0,25.0,88.0
Amazon.com,1minutestock,451,1.0,3.0,11.0,15.0
Amazon.com,drweeklyoptions,443,107.0,68.0,858.0,1033.0
Amazon.com,quanttradr,437,115.0,64.0,214.0,393.0
Amazon.com,optionsforecast,432,168.0,136.0,924.0,1228.0
Amazon.com,rimisback,423,117.0,433.0,816.0,1366.0
Amazon.com,stckpro,420,1.0,35.0,18.0,54.0
Amazon.com,stickycactusink,394,37.0,259.0,347.0,643.0
Amazon.com,tradingthomas3,389,117.0,14.0,314.0,445.0
Amazon.com,theflynews,373,35.0,942.0,431.0,1408.0
Amazon.com,ericdavis221,372,326.0,10.0,99.0,435.0
Amazon.com,truebubblehead,360,292.0,275.0,2352.0,2919.0
Amazon.com,marketcurrents,359,9.0,147.0,167.0,323.0
Amazon.com,raymond10mm,359,39.0,122.0,462.0,623.0
Amazon.com,realsheepwolf,353,142.0,2344.0,3684.0,6170.0
Amazon.com,shareplanner,352,30.0,407.0,187.0,624.0
Amazon.com,profectusystems,336,11.0,1.0,64.0,76.0
Amazon.com,larrylivinston,315,28.0,27.0,167.0,222.0
Amazon.com,eliteoptions2,314,638.0,631.0,3740.0,5009.0
Amazon.com,anky7544,312,29.0,12.0,106.0,147.0
Amazon.com,shortvolumes,307,2.0,1.0,43.0,46.0
Amazon.com,japanesegunto,304,22.0,6.0,46.0,74.0
Amazon.com,bwuic,303,3.0,43.0,58.0,104.0
Amazon.com,pkchin888,301,3.0,0.0,87.0,90.0
Amazon.com,data168,297,228.0,124.0,1057.0,1409.0
Amazon.com,swingtradeideas,297,0.0,0.0,1.0,1.0
Amazon.com,dataswarmm,294,0.0,0.0,0.0,0.0
Amazon.com,brainhoits,286,38.0,34.0,104.0,176.0
Amazon.com,pbay08,284,78.0,28.0,112.0,218.0
Amazon.com,tmgstocktips,281,17.0,149.0,369.0,535.0
Amazon.com,ewfsanjay,276,2.0,13.0,32.0,47.0
Amazon.com,farrisbaba,276,473.0,152.0,2309.0,2934.0
Amazon.com,naviavatar1,274,114.0,316.0,802.0,1232.0
Amazon.com,mchaudhry82,273,79.0,344.0,1603.0,2026.0
Amazon.com,barchart,262,14.0,83.0,146.0,243.0
Amazon.com,jctb1,262,18.0,271.0,494.0,783.0
Amazon.com,jjjinvesting,262,14.0,41.0,112.0,167.0
Amazon.com,briefingcom,256,4.0,193.0,52.0,249.0
Amazon.com,rakutenstock,255,7.0,58.0,53.0,118.0
Amazon.com,420weedstreet,254,19.0,63.0,162.0,244.0
Amazon.com,shawncj6,248,78.0,17.0,39.0,134.0
Amazon.com,sjoerdapp,248,6.0,51.0,89.0,146.0
Amazon.com,johnscharts,245,299.0,446.0,2795.0,3540.0
Amazon.com,benzinga,242,42.0,380.0,403.0,825.0
Amazon.com,papaspoppinpeny,242,33.0,173.0,251.0,457.0
Amazon.com,spartantrading,242,72.0,336.0,1109.0,1517.0
Amazon.com,investorideas,241,3.0,92.0,33.0,128.0
Amazon.com,danshep55,232,162.0,96.0,997.0,1255.0
Amazon.com,drugdoctor2014,231,13.0,114.0,575.0,702.0
Amazon.com,luke_sosnowski,229,172.0,303.0,1166.0,1641.0
Amazon.com,deafdaytrader,226,285.0,145.0,1808.0,2238.0
Amazon.com,jedimarkus77,226,267.0,75.0,845.0,1187.0
Amazon.com,datatrekmb,224,21.0,106.0,122.0,249.0
Amazon.com,marketrealist,215,7.0,7.0,28.0,42.0
Amazon.com,filmprofessor9,211,126.0,35.0,281.0,442.0
Amazon.com,tos_option,211,19.0,24.0,191.0,234.0
Amazon.com,bgamall,210,4.0,26.0,16.0,46.0
Amazon.com,infinituscap,210,36.0,28.0,102.0,166.0
Amazon.com,mc_optiontrades,208,3.0,23.0,44.0,70.0
Amazon.com,techniquant,208,3.0,250.0,34.0,287.0
Amazon.com,tq_equities,208,3.0,19.0,22.0,44.0
Amazon.com,sssvenky,206,188.0,59.0,979.0,1226.0
Amazon.com,teshen8lin,206,23.0,49.0,133.0,205.0
Amazon.com,rttradingideas,205,55.0,28.0,177.0,260.0
Amazon.com,teresatrades,205,23.0,59.0,342.0,424.0
Amazon.com,jchengery,204,2.0,25.0,317.0,344.0
Amazon.com,itradevol,203,19.0,103.0,244.0,366.0
Amazon.com,thegreenisback,200,2.0,15.0,172.0,189.0
Amazon.com,raviromo,199,17.0,36.0,74.0,127.0
Amazon.com,wavegenius,189,2.0,10.0,20.0,32.0
Amazon.com,petertrader99,187,350.0,60.0,1350.0,1760.0
Amazon.com,asymmetricalpha,183,247.0,76.0,1041.0,1364.0
Amazon.com,stockmktgenius,183,1.0,0.0,28.0,29.0
Amazon.com,nickfranciscoo,182,73.0,13.0,52.0,138.0
Amazon.com,sell_that_optio,182,6.0,7.0,27.0,40.0
Amazon.com,sethcl,180,48.0,130.0,657.0,835.0
Amazon.com,seyedoption,180,86.0,26.0,258.0,370.0
Amazon.com,whatsonthorold2,178,0.0,0.0,1.0,1.0
Amazon.com,mikes_charts,176,125.0,60.0,533.0,718.0
Amazon.com,mdtrades12,175,138.0,48.0,601.0,787.0
Amazon.com,options,174,7.0,31.0,81.0,119.0
Amazon.com,roberee,173,32.0,27.0,51.0,110.0
Amazon.com,americanbanking,172,1.0,5.0,6.0,12.0
Amazon.com,misselllly,171,23.0,22.0,99.0,144.0
Amazon.com,manictrading,167,70.0,37.0,441.0,548.0
Amazon.com,saar_eldar,165,6.0,28.0,42.0,76.0
Amazon.com,tickeron,165,3.0,12.0,23.0,38.0
Amazon.com,apppro1,163,53.0,27.0,80.0,160.0
Amazon.com,marketedgepro,163,1.0,28.0,47.0,76.0
Amazon.com,optioncharts,163,2.0,4.0,14.0,20.0
Amazon.com,ro_patel,163,5.0,15.0,54.0,74.0
Amazon.com,towelietrades,163,5.0,8.0,21.0,34.0
Amazon.com,investidea1,160,6.0,39.0,43.0,88.0
Amazon.com,fusionptcapital,159,295.0,257.0,1529.0,2081.0
Amazon.com,justinpulitzer,158,189.0,144.0,893.0,1226.0
Amazon.com,madmraket,158,26.0,42.0,175.0,243.0
Amazon.com,portfoliobuzz,156,0.0,2.0,3.0,5.0
Amazon.com,kingmidasau1,155,11.0,398.0,806.0,1215.0
Amazon.com,pipstodollars,154,107.0,195.0,698.0,1000.0
Amazon.com,tradingwizard1,154,55.0,59.0,50.0,164.0
Amazon.com,tradingguru,153,11.0,29.0,66.0,106.0
Amazon.com,psk2329,152,89.0,146.0,720.0,955.0
Amazon.com,thestreet,152,159.0,444.0,1163.0,1766.0
Amazon.com,llyrx,151,6.0,26.0,197.0,229.0
Amazon.com,wsbconsensus,151,25.0,47.0,87.0,159.0
Amazon.com,stock_market_pr,150,0.0,24.0,16.0,40.0
Amazon.com,myquikfo,149,5.0,32.0,37.0,74.0
Amazon.com,vonklein300,149,23.0,57.0,194.0,274.0
Amazon.com,michaelmottcm,148,44.0,42.0,177.0,263.0
Amazon.com,seekingalpha,148,9.0,90.0,164.0,263.0
Amazon.com,msectors,147,10.0,57.0,110.0,177.0
Amazon.com,15minofpham,146,6.0,42.0,108.0,156.0
Amazon.com,ideasprime,146,2.0,5.0,19.0,26.0
Amazon.com,trader_blitz,146,8.0,2.0,26.0,36.0
Amazon.com,accessatrader,145,15.0,77.0,151.0,243.0
Amazon.com,investorplace,144,8.0,26.0,38.0,72.0
Amazon.com,lamonicabuzz,144,114.0,197.0,607.0,918.0
Amazon.com,alicech76224366,143,55.0,21.0,91.0,167.0
Amazon.com,optionstradin17,142,131.0,196.0,629.0,956.0
Amazon.com,everytimeicash,139,68.0,55.0,378.0,501.0
Amazon.com,squawksquare,139,22.0,10.0,77.0,109.0
Amazon.com,stock_family,139,12.0,32.0,52.0,96.0
Amazon.com,mitickwatcher,137,0.0,2.0,6.0,8.0
Amazon.com,theoptionspros,137,16.0,8.0,69.0,93.0
Amazon.com,openoutcrier,136,52.0,271.0,483.0,806.0
Amazon.com,swatresearch,136,101.0,86.0,565.0,752.0
Amazon.com,carmex212,135,116.0,13.0,115.0,244.0
Amazon.com,reddogt3,135,359.0,495.0,2646.0,3500.0
Amazon.com,xosignals,133,1.0,5.0,30.0,36.0
Amazon.com,ivolatility,131,2.0,6.0,12.0,20.0
Amazon.com,financialbuzz,130,1.0,514.0,1282.0,1797.0
Amazon.com,swingtradebot,127,5.0,3.0,8.0,16.0
Amazon.com,timcgriffith,127,11.0,66.0,94.0,171.0
Amazon.com,reurope_stock,126,0.0,1.0,1.0,2.0
Amazon.com,hedgehogoptions,125,162.0,43.0,570.0,775.0
Amazon.com,mkt_matrix,125,5.0,20.0,49.0,74.0
Amazon.com,spiderman_3s,123,19.0,33.0,258.0,310.0
Amazon.com,autonomouscns,122,0.0,1.0,6.0,7.0
Amazon.com,kasdad,120,52.0,19.0,217.0,288.0
Amazon.com,fpswatchlist,119,7.0,79.0,196.0,282.0
Amazon.com,rampuptrading,118,168.0,202.0,1809.0,2179.0
Amazon.com,llcbillionaire,117,15.0,28.0,85.0,128.0
Amazon.com,aaronklein10x,116,120.0,73.0,198.0,391.0
Amazon.com,globalinvestor5,115,14.0,22.0,49.0,85.0
Amazon.com,askgeorgebailey,112,16.0,28.0,24.0,68.0
Amazon.com,bs_marker,111,0.0,10.0,4.0,14.0
Amazon.com,classicoptions,111,21.0,72.0,535.0,628.0
Amazon.com,trading_analyst,111,8.0,7.0,38.0,53.0
Amazon.com,zerofiltertruth,110,5.0,9.0,39.0,53.0
Amazon.com,brucerollins,108,3.0,1.0,16.0,20.0
Amazon.com,options_ov,108,62.0,39.0,335.0,436.0
Amazon.com,trendspider,108,129.0,234.0,682.0,1045.0
Amazon.com,wtcm3,108,79.0,201.0,1063.0,1343.0
Amazon.com,garythomson14,106,1.0,47.0,160.0,208.0
Amazon.com,tickerreport,104,1.0,1.0,5.0,7.0
Amazon.com,chitraders,101,1.0,20.0,15.0,36.0
Amazon.com,elpfan,101,0.0,11.0,4.0,15.0
Amazon.com,stock_hunter89,100,70.0,55.0,566.0,691.0
Amazon.com,tradewithtechs,100,17.0,51.0,303.0,371.0
Amazon.com,shoprecord,99,21.0,18.0,32.0,71.0
Amazon.com,felipepotes83,98,4.0,13.0,24.0,41.0
Amazon.com,teckanalytics,98,3.0,31.0,101.0,135.0
Amazon.com,gerberkawasaki,96,571.0,415.0,2909.0,3895.0
Amazon.com,jefffocker,96,11.0,2.0,23.0,36.0
Amazon.com,tfnn,93,1.0,12.0,16.0,29.0
Amazon.com,bullbearcharts,92,0.0,3.0,13.0,16.0
Amazon.com,mwm76,91,1.0,4.0,11.0,16.0
Amazon.com,breaking24seven,90,2.0,40.0,30.0,72.0
Amazon.com,realwillmeade,90,256.0,244.0,2206.0,2706.0
Amazon.com,aaaamhim,89,10.0,36.0,99.0,145.0
Amazon.com,optionsmike,87,106.0,122.0,795.0,1023.0
Amazon.com,permabear_uk,87,32.0,55.0,258.0,345.0
Amazon.com,ratingsnetwork,87,0.0,2.0,10.0,12.0
Amazon.com,trickmitch1,86,129.0,64.0,741.0,934.0
Amazon.com,ntfri,85,48.0,23.0,166.0,237.0
Amazon.com,thweissxfx,85,25.0,18.0,146.0,189.0
Amazon.com,androsform,84,3.0,14.0,42.0,59.0
Amazon.com,realmoney,84,27.0,172.0,246.0,445.0
Amazon.com,stockspastor,84,3.0,42.0,77.0,122.0
Amazon.com,bob2trader,83,8.0,14.0,51.0,73.0
Amazon.com,optionsprooi,83,0.0,2.0,3.0,5.0
Amazon.com,ryuofdarkness,82,0.0,11.0,4.0,15.0
Amazon.com,j_p_jacques,81,44.0,38.0,186.0,268.0
Amazon.com,optionsmaxpain,80,0.0,2.0,5.0,7.0
Amazon.com,traderdanny77,80,7.0,14.0,61.0,82.0
Amazon.com,roka_dura,79,44.0,15.0,275.0,334.0
Amazon.com,protrader_vini,77,62.0,10.0,206.0,278.0
Amazon.com,elcryptochief,76,0.0,3.0,9.0,12.0
Amazon.com,optionslocator,76,19.0,23.0,131.0,173.0
Amazon.com,scriptstotrade,76,13.0,33.0,259.0,305.0
Amazon.com,kreviewer1,75,0.0,2.0,2.0,4.0
Amazon.com,si_investor,74,0.0,7.0,4.0,11.0
Amazon.com,sl20707,74,0.0,8.0,12.0,20.0
Amazon.com,olympiareport,73,0.0,0.0,3.0,3.0
Amazon.com,racernic,73,16.0,70.0,97.0,183.0
Amazon.com,thislincolnian,72,0.0,0.0,0.0,0.0
Amazon.com,stockhoot,70,1.0,4.0,8.0,13.0
Amazon.com,weekherald,70,0.0,0.0,1.0,1.0
Amazon.com,consumerfeed,69,0.0,2.0,1.0,3.0
Amazon.com,weijgenberger,69,0.0,7.0,6.0,13.0
Amazon.com,dailypoliticaln,68,0.0,0.0,0.0,0.0
Amazon.com,dakotafinancial,65,2.0,0.0,1.0,3.0
Amazon.com,techeblog,65,3.0,95.0,56.0,154.0
Amazon.com,transcriptdaily,65,1.0,1.0,3.0,5.0
Amazon.com,wallstreetelix5,65,27.0,24.0,287.0,338.0
Amazon.com,canuck2usa,64,62.0,62.0,433.0,557.0
Amazon.com,ebitdatrades,64,1.0,43.0,49.0,93.0
Amazon.com,hotteststocknow,64,0.0,9.0,4.0,13.0
Amazon.com,zolmaxnews,64,0.0,1.0,2.0,3.0
Amazon.com,dispatchtribune,63,1.0,0.0,4.0,5.0
Amazon.com,aznoptions,62,20.0,9.0,96.0,125.0
Amazon.com,dzierler,61,5.0,74.0,110.0,189.0
Amazon.com,codemonk13,60,11.0,3.0,20.0,34.0
Amazon.com,caetuscap,59,52.0,25.0,160.0,237.0
Amazon.com,marketbeatnews,58,2.0,1.0,4.0,7.0
Amazon.com,jessecoheninv,57,23.0,149.0,288.0,460.0
Amazon.com,maythefroth,55,15.0,5.0,14.0,34.0
Amazon.com,waitcapital,55,22.0,6.0,93.0,121.0
Amazon.com,opinicusholding,54,3.0,10.0,45.0,58.0
Amazon.com,themarketsdaily,52,1.0,1.0,1.0,3.0
Amazon.com,finscreener_com,51,1.0,3.0,10.0,14.0
Amazon.com,facebookipoflop,50,3.0,3.0,7.0,13.0
Amazon.com,echotoall,48,6.0,11.0,34.0,51.0
Amazon.com,gambistefinance,48,1.0,7.0,9.0,17.0
Amazon.com,wingtrades,48,3.0,2.0,7.0,12.0
Amazon.com,oppayahtwitr,45,26.0,26.0,66.0,118.0
Amazon.com,vieirauae,44,8.0,52.0,45.0,105.0
Amazon.com,jamesowenthe3rd,39,5.0,5.0,53.0,63.0
Amazon.com,mr_moonstocks,39,17.0,3.0,47.0,67.0
Amazon.com,magnoliag2012,32,0.0,9.0,2.0,11.0
Amazon.com,rufioooooh,31,15.0,0.0,8.0,23.0
Amazon.com,daviddaubner,30,0.0,1.0,10.0,11.0
Amazon.com,fintwittsla,30,0.0,2.0,17.0,19.0
Amazon.com,patrickcomack,29,12.0,10.0,15.0,37.0
Amazon.com,marketchmln,27,0.0,9.0,18.0,27.0
Amazon.com,warren_tt,27,25.0,8.0,45.0,78.0
Amazon.com,sleekoptions,26,1.0,1.0,10.0,12.0
Amazon.com,wallstcynic,26,97.0,35.0,669.0,801.0
Amazon.com,cheddarflow,24,1.0,29.0,77.0,107.0
Amazon.com,markbspiegel,23,74.0,34.0,406.0,514.0
Amazon.com,marshmall0wpeep,23,15.0,4.0,56.0,75.0
Amazon.com,invresdynamics,22,25.0,18.0,136.0,179.0
Amazon.com,fininvtr,20,0.0,16.0,18.0,34.0
Amazon.com,zeroshorts,19,10.0,5.0,9.0,24.0
Amazon.com,facts_tesla,18,21.0,59.0,308.0,388.0
Amazon.com,thelincolnlist,18,3.0,1.0,3.0,7.0
Amazon.com,unhedgedchatter,17,4.0,7.0,35.0,46.0
Amazon.com,dukesealman,16,0.0,4.0,10.0,14.0
Amazon.com,donutshorts,14,18.0,8.0,76.0,102.0
Amazon.com,boardtownblast,13,0.0,3.0,0.0,3.0
Amazon.com,davebudge,13,12.0,5.0,27.0,44.0
Amazon.com,passthebeano,13,14.0,4.0,57.0,75.0
Amazon.com,pluginfud,13,13.0,1.0,48.0,62.0
Amazon.com,bagholderquotes,12,20.0,10.0,262.0,292.0
Amazon.com,dapstats,12,4.0,6.0,11.0,21.0
Amazon.com,rottenal,11,4.0,2.0,20.0,26.0
Amazon.com,rtgt_guinness,11,2.0,1.0,5.0,8.0
Amazon.com,kamiari_,10,3.0,1.0,9.0,13.0
Amazon.com,mothercabrininy,10,3.0,1.0,15.0,19.0
Amazon.com,melaynalokosky,9,2.0,5.0,35.0,42.0
Amazon.com,contrarianshort,8,8.0,2.0,100.0,110.0
Amazon.com,faisamtrader,8,0.0,3.0,2.0,5.0
Amazon.com,jcoviedo6,8,7.0,16.0,119.0,142.0
Amazon.com,justtradin,8,9.0,2.0,20.0,31.0
Amazon.com,sbalatan,8,0.0,1.0,19.0,20.0
Amazon.com,talesftf,8,6.0,1.0,13.0,20.0
Amazon.com,orthereaboot,7,35.0,15.0,212.0,262.0
Amazon.com,stkbullgod,7,9.0,2.0,15.0,26.0
Amazon.com,teslacharts,7,33.0,44.0,508.0,585.0
Amazon.com,themicrx,7,0.0,1.0,3.0,4.0
Amazon.com,commuternyc,6,2.0,3.0,6.0,11.0
Amazon.com,paully_steaks,6,2.0,1.0,4.0,7.0
Amazon.com,tilmanwinkler,6,6.0,3.0,2.0,11.0
Amazon.com,upboptionmil,6,2.0,16.0,45.0,63.0
Amazon.com,biggie_calls,5,3.0,0.0,14.0,17.0
Amazon.com,bomsteinrick,5,4.0,0.0,5.0,9.0
Amazon.com,bradsferguson,5,6.0,2.0,8.0,16.0
Amazon.com,enertuition,5,1.0,3.0,16.0,20.0
Amazon.com,vincent13031925,5,15.0,25.0,311.0,351.0
Amazon.com,bradmunchen,4,3.0,1.0,38.0,42.0
Amazon.com,fraudguts,4,0.0,0.0,3.0,3.0
Amazon.com,g_schelle,4,2.0,0.0,9.0,11.0
Amazon.com,jackwildcat,4,3.0,0.0,5.0,8.0
Amazon.com,salt_nole,4,0.0,0.0,6.0,6.0
Amazon.com,shortingisfun,4,9.0,3.0,40.0,52.0
Amazon.com,steelnicho,4,1.0,0.0,7.0,8.0
Amazon.com,blane9171,3,1.0,4.0,16.0,21.0
Amazon.com,milestaylor47,3,1.0,1.0,4.0,6.0
Amazon.com,randyvegetables,3,7.0,8.0,73.0,88.0
Amazon.com,wheels88fortune,3,3.0,3.0,13.0,19.0
Amazon.com,brisance,2,1.0,2.0,4.0,7.0
Amazon.com,c4chaos,2,0.0,0.0,1.0,1.0
Amazon.com,evdefender,2,8.0,9.0,63.0,80.0
Amazon.com,investorswan,2,2.0,0.0,0.0,2.0
Amazon.com,phoennix10,2,10.0,10.0,110.0,130.0
Amazon.com,plainsite,2,1.0,2.0,14.0,17.0
Amazon.com,rooseveltpatoo1,2,2.0,4.0,25.0,31.0
Amazon.com,stevehamel16,2,3.0,4.0,40.0,47.0
Amazon.com,valueanalyst1,2,1.0,0.0,7.0,8.0
Amazon.com,zomgapocalypse,2,2.0,0.0,4.0,6.0
Amazon.com,4xrevenue,1,0.0,0.0,5.0,5.0
Amazon.com,abledoc,1,1.0,0.0,0.0,1.0
Amazon.com,boriquagato,1,0.0,0.0,11.0,11.0
Amazon.com,chris_stearns,1,1.0,0.0,1.0,2.0
Amazon.com,dope007,1,1.0,0.0,1.0,2.0
Amazon.com,fly4dat,1,1.0,0.0,1.0,2.0
Amazon.com,grainsurgeon,1,0.0,0.0,2.0,2.0
Amazon.com,jebkinnison,1,0.0,3.0,9.0,12.0
Amazon.com,jonbryant421,1,0.0,0.0,4.0,4.0
Amazon.com,jordanwells33,1,3.0,5.0,117.0,125.0
Amazon.com,kkublai5,1,0.0,0.0,3.0,3.0
Amazon.com,modelyendofice,1,0.0,0.0,0.0,0.0
Amazon.com,paul91701736,1,3.0,1.0,24.0,28.0
Amazon.com,phenomenalpoto,1,1.0,0.0,3.0,4.0
Amazon.com,polixenes13,1,6.0,2.0,26.0,34.0
Amazon.com,raindropsohmy,1,0.0,0.0,0.0,0.0
Amazon.com,sawa201200,1,0.0,0.0,0.0,0.0
Amazon.com,spartantrader96,1,0.0,0.0,0.0,0.0
Amazon.com,subach,1,1.0,0.0,1.0,2.0
Amazon.com,teslacito,1,0.0,0.0,1.0,1.0
Amazon.com,teslany,1,0.0,4.0,8.0,12.0
Amazon.com,titoelbandito,1,0.0,1.0,0.0,1.0
Amazon.com,unknowntrader,1,0.0,0.0,0.0,0.0
Amazon.com,ventmixologist,1,1.0,1.0,0.0,2.0
Amazon.com,wintoncapptnrs,1,0.0,0.0,0.0,0.0
Google Inc,exactoptionpick,7096,70.0,35.0,828.0,933.0
Google Inc,econalert,3485,12.0,1352.0,237.0,1601.0
Google Inc,portfoliobuzz,2544,2.0,5.0,53.0,60.0
Google Inc,faisamtrader,1763,7.0,208.0,170.0,385.0
Google Inc,optionalarm,1210,4.0,14.0,117.0,135.0
Google Inc,sjoerdapp,1169,7.0,262.0,269.0,538.0
Google Inc,eliteoptionswap,1050,226.0,99.0,1072.0,1397.0
Google Inc,naashonomics,841,51.0,149.0,210.0,410.0
Google Inc,alert_options,812,38.0,267.0,519.0,824.0
Google Inc,dzierler,762,109.0,457.0,1350.0,1916.0
Google Inc,theburdettelawf,761,102.0,22.0,230.0,354.0
Google Inc,marketcurrents,637,11.0,237.0,327.0,575.0
Google Inc,theflynews,598,36.0,1542.0,559.0,2137.0
Google Inc,jorellarakalel,593,18.0,42.0,139.0,199.0
Google Inc,iamtito_,568,2.0,52.0,7.0,61.0
Google Inc,wise_owl_trader,517,160.0,162.0,1056.0,1378.0
Google Inc,quanttradr,516,173.0,69.0,274.0,516.0
Google Inc,freetrades4u,500,31.0,48.0,494.0,573.0
Google Inc,stckpro,488,1.0,43.0,20.0,64.0
Google Inc,rimisback,479,147.0,510.0,897.0,1554.0
Google Inc,visualstockrsrc,479,2.0,5.0,5.0,12.0
Google Inc,swingtradeideas,469,0.0,1.0,0.0,1.0
Google Inc,minteractapp,456,23.0,148.0,111.0,282.0
Google Inc,1minutestock,455,1.0,1.0,11.0,13.0
Google Inc,topstockalerts1,451,27.0,30.0,84.0,141.0
Google Inc,themarketisopen,439,0.0,14.0,25.0,39.0
Google Inc,ericdavis221,430,382.0,12.0,102.0,496.0
Google Inc,shareplanner,430,24.0,523.0,220.0,767.0
Google Inc,stickycactusink,421,33.0,287.0,364.0,684.0
Google Inc,jedimarkus77,413,345.0,175.0,1645.0,2165.0
Google Inc,oactrading,413,2.0,6.0,20.0,28.0
Google Inc,raymond10mm,374,36.0,132.0,501.0,669.0
Google Inc,sonycomeback,369,31.0,99.0,99.0,229.0
Google Inc,boardtownblast,346,3.0,238.0,90.0,331.0
Google Inc,shawncj6,346,113.0,28.0,36.0,177.0
Google Inc,talkmarkets,346,3.0,9.0,34.0,46.0
Google Inc,larrylivinston,340,37.0,38.0,179.0,254.0
Google Inc,tickeron,339,3.0,20.0,23.0,46.0
Google Inc,ophirgottlieb,338,216.0,431.0,1084.0,1731.0
Google Inc,shortvolumes,332,3.0,2.0,38.0,43.0
Google Inc,wallstsolver,332,1.0,48.0,27.0,76.0
Google Inc,rakutenstock,292,18.0,85.0,71.0,174.0
Google Inc,tickwatchermf,286,18.0,75.0,191.0,284.0
Google Inc,420weedstreet,275,28.0,75.0,179.0,282.0
Google Inc,elpfan,272,0.0,11.0,16.0,27.0
Google Inc,ro_patel,270,7.0,34.0,121.0,162.0
Google Inc,wallstreetelix5,262,133.0,83.0,955.0,1171.0
Google Inc,unhedgedchatter,261,110.0,78.0,451.0,639.0
Google Inc,optionsmaxpain,253,0.0,1.0,5.0,6.0
Google Inc,newsfilterio,251,0.0,39.0,22.0,61.0
Google Inc,truebubblehead,249,165.0,169.0,1430.0,1764.0
Google Inc,greenstocks2016,246,70.0,217.0,385.0,672.0
Google Inc,drugdoctor2014,243,13.0,133.0,608.0,754.0
Google Inc,briefingcom,241,3.0,161.0,53.0,217.0
Google Inc,mchaudhry82,234,94.0,394.0,1867.0,2355.0
Google Inc,thegreenisback,233,2.0,16.0,221.0,239.0
Google Inc,itradevol,228,27.0,157.0,328.0,512.0
Google Inc,optioncharts,226,5.0,7.0,27.0,39.0
Google Inc,tos_option,226,23.0,32.0,200.0,255.0
Google Inc,americanbanking,225,1.0,9.0,7.0,17.0
Google Inc,eliteoptions2,218,387.0,546.0,2792.0,3725.0
Google Inc,techniquant,214,3.0,253.0,36.0,292.0
Google Inc,ryuofdarkness,212,0.0,26.0,9.0,35.0
Google Inc,globalinvestor5,209,20.0,28.0,62.0,110.0
Google Inc,profectusystems,209,4.0,0.0,40.0,44.0
Google Inc,thestreet,201,429.0,466.0,1158.0,2053.0
Google Inc,aaaamhim,197,12.0,10.0,55.0,77.0
Google Inc,filmprofessor9,197,122.0,52.0,261.0,435.0
Google Inc,autonomouscns,196,4.0,6.0,11.0,21.0
Google Inc,rttradingideas,196,49.0,21.0,166.0,236.0
Google Inc,naviavatar1,191,95.0,221.0,607.0,923.0
Google Inc,swingtradebot,191,0.0,10.0,10.0,20.0
Google Inc,datatrekmb,190,15.0,96.0,113.0,224.0
Google Inc,cfingraphs,186,1.0,0.0,9.0,10.0
Google Inc,garythomson14,184,2.0,86.0,280.0,368.0
Google Inc,wsbconsensus,182,22.0,40.0,79.0,141.0
Google Inc,marketrealist,180,2.0,7.0,26.0,35.0
Google Inc,stockmktgenius,180,1.0,0.0,27.0,28.0
Google Inc,teshen8lin,180,12.0,35.0,107.0,154.0
Google Inc,optionsprooi,178,0.0,9.0,2.0,11.0
Google Inc,tq_equities,178,3.0,11.0,21.0,35.0
Google Inc,sell_that_optio,177,8.0,9.0,25.0,42.0
Google Inc,stock_family,177,7.0,45.0,61.0,113.0
Google Inc,benzinga,175,34.0,313.0,385.0,732.0
Google Inc,seekingalpha,168,5.0,96.0,187.0,288.0
Google Inc,towelietrades,167,0.0,7.0,14.0,21.0
Google Inc,dataswarmm,166,0.0,0.0,0.0,0.0
Google Inc,optionsforecast,166,58.0,71.0,310.0,439.0
Google Inc,stock_market_pr,163,4.0,17.0,12.0,33.0
Google Inc,finscreener_com,162,1.0,1.0,32.0,34.0
Google Inc,wtcm3,162,120.0,326.0,1918.0,2364.0
Google Inc,tradingguru,161,11.0,29.0,75.0,115.0
Google Inc,jchengery,159,1.0,19.0,243.0,263.0
Google Inc,investidea1,156,7.0,58.0,55.0,120.0
Google Inc,kingmidasau1,154,13.0,407.0,842.0,1262.0
Google Inc,johnscharts,152,146.0,246.0,1497.0,1889.0
Google Inc,data168,149,77.0,74.0,347.0,498.0
Google Inc,bullbearcharts,148,0.0,3.0,20.0,23.0
Google Inc,optionstradin17,147,129.0,193.0,613.0,935.0
Google Inc,xosignals,147,4.0,5.0,35.0,44.0
Google Inc,j_p_jacques,146,59.0,50.0,247.0,356.0
Google Inc,petertrader99,143,213.0,50.0,778.0,1041.0
Google Inc,sssvenky,142,122.0,33.0,667.0,822.0
Google Inc,justinpulitzer,138,87.0,151.0,679.0,917.0
Google Inc,roberee,137,29.0,15.0,46.0,90.0
Google Inc,mc_optiontrades,135,2.0,13.0,41.0,56.0
Google Inc,llcbillionaire,134,4.0,10.0,20.0,34.0
Google Inc,shoprecord,134,43.0,30.0,38.0,111.0
Google Inc,squawksquare,133,20.0,15.0,67.0,102.0
Google Inc,tickerreport,132,0.0,1.0,3.0,4.0
Google Inc,daviddaubner,131,0.0,8.0,27.0,35.0
Google Inc,mkt_matrix,131,8.0,16.0,47.0,71.0
Google Inc,msectors,131,3.0,39.0,96.0,138.0
Google Inc,openoutcrier,126,36.0,211.0,302.0,549.0
Google Inc,raviromo,125,11.0,16.0,43.0,70.0
Google Inc,15minofpham,120,3.0,32.0,69.0,104.0
Google Inc,davidmoadel,120,16.0,32.0,68.0,116.0
Google Inc,ivolatility,117,1.0,0.0,5.0,6.0
Google Inc,llyrx,116,6.0,13.0,147.0,166.0
Google Inc,ratingsnetwork,116,1.0,8.0,11.0,20.0
Google Inc,swatresearch,116,76.0,67.0,264.0,407.0
Google Inc,techeblog,116,4.0,181.0,102.0,287.0
Google Inc,teresatrades,116,4.0,17.0,167.0,188.0
Google Inc,bwuic,115,2.0,24.0,31.0,57.0
Google Inc,everytimeicash,113,11.0,32.0,121.0,164.0
Google Inc,brainhoits,112,14.0,17.0,41.0,72.0
Google Inc,stockhoot,112,0.0,0.0,22.0,22.0
Google Inc,transcriptdaily,108,0.0,4.0,1.0,5.0
Google Inc,fpswatchlist,106,4.0,83.0,179.0,266.0
Google Inc,sl20707,106,0.0,3.0,8.0,11.0
Google Inc,consumerfeed,105,1.0,2.0,2.0,5.0
Google Inc,psk2329,104,41.0,92.0,358.0,491.0
Google Inc,dailypoliticaln,103,0.0,1.0,4.0,5.0
Google Inc,mikeo188,103,22.0,3.0,116.0,141.0
Google Inc,breaking24seven,101,8.0,52.0,67.0,127.0
Google Inc,jessecoheninv,100,38.0,177.0,375.0,590.0
Google Inc,spiderman_3s,100,4.0,25.0,173.0,202.0
Google Inc,trading_analyst,100,4.0,7.0,32.0,43.0
Google Inc,theoptionspros,98,3.0,3.0,35.0,41.0
Google Inc,manictrading,96,38.0,25.0,281.0,344.0
Google Inc,realsheepwolf,95,26.0,638.0,1005.0,1669.0
Google Inc,zerofiltertruth,95,6.0,10.0,37.0,53.0
Google Inc,zolmaxnews,94,0.0,1.0,3.0,4.0
Google Inc,carmex212,93,80.0,3.0,81.0,164.0
Google Inc,investorplace,93,0.0,25.0,32.0,57.0
Google Inc,dakotafinancial,91,0.0,1.0,3.0,4.0
Google Inc,sethcl,91,20.0,66.0,323.0,409.0
Google Inc,mitickwatcher,89,1.0,2.0,7.0,10.0
Google Inc,options_ov,89,47.0,25.0,272.0,344.0
Google Inc,weijgenberger,89,0.0,11.0,5.0,16.0
Google Inc,classicoptions,88,22.0,48.0,390.0,460.0
Google Inc,dispatchtribune,88,0.0,1.0,1.0,2.0
Google Inc,olympiareport,88,0.0,0.0,2.0,2.0
Google Inc,lamonicabuzz,87,47.0,137.0,338.0,522.0
Google Inc,codemonk13,86,10.0,2.0,22.0,34.0
Google Inc,magnoliag2012,86,2.0,5.0,4.0,11.0
Google Inc,themarketsdaily,86,0.0,3.0,1.0,4.0
Google Inc,weekherald,86,0.0,0.0,1.0,1.0
Google Inc,askgeorgebailey,85,12.0,38.0,28.0,78.0
Google Inc,aznoptions,83,39.0,14.0,112.0,165.0
Google Inc,felipepotes83,83,2.0,14.0,24.0,40.0
Google Inc,bs_marker,82,0.0,16.0,3.0,19.0
Google Inc,wingtrades,82,5.0,3.0,14.0,22.0
Google Inc,madmraket,81,18.0,15.0,82.0,115.0
Google Inc,pipstodollars,81,43.0,62.0,252.0,357.0
Google Inc,tfnn,81,2.0,8.0,13.0,23.0
Google Inc,thislincolnian,81,0.0,2.0,3.0,5.0
Google Inc,thweissxfx,81,21.0,13.0,149.0,183.0
Google Inc,ebitdatrades,78,0.0,30.0,15.0,45.0
Google Inc,marketbeatnews,78,1.0,3.0,13.0,17.0
Google Inc,chitraders,77,3.0,16.0,30.0,49.0
Google Inc,financialbuzz,77,1.0,262.0,777.0,1040.0
Google Inc,waitcapital,77,19.0,7.0,118.0,144.0
Google Inc,tradingwizard1,76,21.0,28.0,28.0,77.0
Google Inc,trendspider,76,18.0,79.0,239.0,336.0
Google Inc,racernic,75,11.0,62.0,86.0,159.0
Google Inc,misselllly,74,17.0,13.0,48.0,78.0
Google Inc,luke_sosnowski,73,50.0,95.0,343.0,488.0
Google Inc,fintwitamzn,72,2.0,5.0,12.0,19.0
Google Inc,spartantrading,72,19.0,98.0,310.0,427.0
Google Inc,stockspastor,72,2.0,38.0,56.0,96.0
Google Inc,apppro1,71,19.0,7.0,17.0,43.0
Google Inc,alicech76224366,70,35.0,17.0,61.0,113.0
Google Inc,realmoney,69,15.0,117.0,195.0,327.0
Google Inc,fuckcnbc,68,1.0,9.0,14.0,24.0
Google Inc,mdtrades12,68,45.0,20.0,250.0,315.0
Google Inc,reddogt3,68,134.0,256.0,1395.0,1785.0
Google Inc,mikes_charts,65,35.0,14.0,172.0,221.0
Google Inc,deafdaytrader,64,93.0,42.0,626.0,761.0
Google Inc,accessatrader,62,5.0,27.0,57.0,89.0
Google Inc,optionsmike,62,43.0,80.0,418.0,541.0
Google Inc,investorideas,61,0.0,17.0,8.0,25.0
Google Inc,androsform,60,5.0,8.0,30.0,43.0
Google Inc,jjjinvesting,60,3.0,5.0,13.0,21.0
Google Inc,canuck2usa,59,91.0,121.0,762.0,974.0
Google Inc,drweeklyoptions,57,14.0,11.0,113.0,138.0
Google Inc,michaelmottcm,56,13.0,14.0,55.0,82.0
Google Inc,realwillmeade,56,122.0,113.0,992.0,1227.0
Google Inc,hotteststocknow,54,0.0,11.0,3.0,14.0
Google Inc,infinituscap,54,15.0,19.0,31.0,65.0
Google Inc,kreviewer1,54,0.0,0.0,0.0,0.0
Google Inc,gerberkawasaki,52,317.0,160.0,1340.0,1817.0
Google Inc,whatsonthorold2,52,0.0,0.0,0.0,0.0
Google Inc,sleekoptions,51,0.0,3.0,1.0,4.0
Google Inc,hedgehogoptions,49,39.0,14.0,180.0,233.0
Google Inc,reurope_stock,49,0.0,1.0,0.0,1.0
Google Inc,maythefroth,48,7.0,0.0,13.0,20.0
Google Inc,ntfri,48,26.0,6.0,70.0,102.0
Google Inc,bob2trader,47,6.0,9.0,35.0,50.0
Google Inc,gambistefinance,46,0.0,11.0,12.0,23.0
Google Inc,optionslocator,46,5.0,18.0,64.0,87.0
Google Inc,brucerollins,45,1.0,3.0,5.0,9.0
Google Inc,tmgstocktips,45,4.0,34.0,65.0,103.0
Google Inc,ideasprime,44,1.0,1.0,6.0,8.0
Google Inc,banana3stocks,43,11.0,4.0,18.0,33.0
Google Inc,caetuscap,43,38.0,22.0,177.0,237.0
Google Inc,pbay08,43,11.0,3.0,24.0,38.0
Google Inc,trickmitch1,43,23.0,30.0,199.0,252.0
Google Inc,wavegenius,42,1.0,2.0,2.0,5.0
Google Inc,barchart,41,7.0,14.0,20.0,41.0
Google Inc,elliottforecast,41,0.0,40.0,10.0,50.0
Google Inc,mr_moonstocks,41,7.0,5.0,11.0,23.0
Google Inc,nickfranciscoo,41,12.0,6.0,10.0,28.0
Google Inc,si_investor,41,0.0,6.0,5.0,11.0
Google Inc,kasdad,40,14.0,9.0,94.0,117.0
Google Inc,seyedoption,40,18.0,3.0,37.0,58.0
Google Inc,trader_blitz,40,1.0,1.0,9.0,11.0
Google Inc,fininvtr,37,0.0,37.0,39.0,76.0
Google Inc,jamesowenthe3rd,37,7.0,4.0,49.0,60.0
Google Inc,marketchmln,37,3.0,3.0,10.0,16.0
Google Inc,permabear_uk,37,10.0,26.0,122.0,158.0
Google Inc,blogyomi,35,0.0,0.0,0.0,0.0
Google Inc,danshep55,34,18.0,15.0,113.0,146.0
Google Inc,farrisbaba,34,27.0,17.0,181.0,225.0
Google Inc,stock_hunter89,34,18.0,19.0,150.0,187.0
Google Inc,ulmhi,33,0.0,0.0,0.0,0.0
Google Inc,aaronklein10x,31,29.0,35.0,53.0,117.0
Google Inc,rampuptrading,31,45.0,52.0,511.0,608.0
Google Inc,asymmetricalpha,30,57.0,19.0,278.0,354.0
Google Inc,echotoall,30,4.0,10.0,25.0,39.0
Google Inc,facebookipoflop,29,3.0,4.0,7.0,14.0
Google Inc,fusionptcapital,28,42.0,12.0,150.0,204.0
Google Inc,saar_eldar,28,2.0,7.0,10.0,19.0
Google Inc,brianinvest,26,1.0,0.0,4.0,5.0
Google Inc,dapstats,26,13.0,3.0,18.0,34.0
Google Inc,options,26,2.0,5.0,7.0,14.0
Google Inc,elcryptochief,24,0.0,0.0,0.0,0.0
Google Inc,jefffocker,24,3.0,1.0,6.0,10.0
Google Inc,tradewithtechs,24,8.0,43.0,114.0,165.0
Google Inc,dukesealman,22,5.0,7.0,18.0,30.0
Google Inc,patrickcomack,19,12.0,7.0,8.0,27.0
Google Inc,bertelschmitt,18,1.0,36.0,139.0,176.0
Google Inc,pkchin888,18,0.0,1.0,6.0,7.0
Google Inc,fintwittsla,17,1.0,2.0,3.0,6.0
Google Inc,bgamall,16,0.0,0.0,2.0,2.0
Google Inc,marketedgepro,16,0.0,5.0,9.0,14.0
Google Inc,protrader_vini,16,13.0,0.0,43.0,56.0
Google Inc,traderdanny77,16,4.0,3.0,11.0,18.0
Google Inc,chris_stearns,15,7.0,4.0,9.0,20.0
Google Inc,jebkinnison,15,14.0,13.0,65.0,92.0
Google Inc,teckanalytics,15,0.0,6.0,7.0,13.0
Google Inc,sawa201200,14,0.0,0.0,1.0,1.0
Google Inc,tradingthomas3,13,6.0,0.0,19.0,25.0
Google Inc,warren_tt,13,15.0,3.0,15.0,33.0
Google Inc,jctb1,12,0.0,17.0,31.0,48.0
Google Inc,jcoviedo6,11,4.0,13.0,61.0,78.0
Google Inc,thelincolnlist,11,1.0,0.0,4.0,5.0
Google Inc,cheddarflow,9,2.0,6.0,20.0,28.0
Google Inc,papaspoppinpeny,9,1.0,11.0,27.0,39.0
Google Inc,passthebeano,9,1.0,1.0,5.0,7.0
Google Inc,pluginfud,9,14.0,6.0,104.0,124.0
Google Inc,rufioooooh,9,2.0,0.0,2.0,4.0
Google Inc,markbspiegel,8,15.0,7.0,136.0,158.0
Google Inc,stehaller,8,1.0,2.0,10.0,13.0
Google Inc,marshmall0wpeep,7,8.0,2.0,27.0,37.0
Google Inc,opinicusholding,7,0.0,5.0,10.0,15.0
Google Inc,boriquagato,6,12.0,14.0,96.0,122.0
Google Inc,rtgt_guinness,6,0.0,3.0,2.0,5.0
Google Inc,subach,6,5.0,2.0,15.0,22.0
Google Inc,wallstcynic,6,8.0,8.0,92.0,108.0
Google Inc,enertuition,5,1.0,0.0,4.0,5.0
Google Inc,grainsurgeon,5,5.0,8.0,38.0,51.0
Google Inc,mwm76,5,0.0,0.0,0.0,0.0
Google Inc,titoelbandito,5,1.0,0.0,2.0,3.0
Google Inc,brisance,4,0.0,0.0,0.0,0.0
Google Inc,invresdynamics,4,4.0,1.0,20.0,25.0
Google Inc,justtradin,4,0.0,2.0,3.0,5.0
Google Inc,melaynalokosky,4,0.0,2.0,4.0,6.0
Google Inc,vonklein300,4,4.0,8.0,17.0,29.0
Google Inc,wickedsplits,4,0.0,1.0,1.0,2.0
Google Inc,bagholderquotes,3,8.0,5.0,104.0,117.0
Google Inc,biggie_calls,3,2.0,1.0,8.0,11.0
Google Inc,japanesegunto,3,0.0,0.0,0.0,0.0
Google Inc,mothercabrininy,3,2.0,0.0,3.0,5.0
Google Inc,myquikfo,3,0.0,6.0,2.0,8.0
Google Inc,paully_steaks,3,1.0,0.0,0.0,1.0
Google Inc,roka_dura,3,3.0,5.0,16.0,24.0
Google Inc,tomi,3,3.0,0.0,8.0,11.0
Google Inc,upboptionmil,3,1.0,4.0,14.0,19.0
Google Inc,wheels88fortune,3,3.0,2.0,46.0,51.0
Google Inc,commuternyc,2,0.0,0.0,0.0,0.0
Google Inc,plainsite,2,1.0,0.0,3.0,4.0
Google Inc,talesftf,2,3.0,1.0,4.0,8.0
Google Inc,wintoncapptnrs,2,1.0,4.0,2.0,7.0
Google Inc,abledoc,1,1.0,1.0,1.0,3.0
Google Inc,anky7544,1,0.0,0.0,2.0,2.0
Google Inc,blane9171,1,0.0,1.0,7.0,8.0
Google Inc,davebudge,1,0.0,0.0,1.0,1.0
Google Inc,donutshorts,1,2.0,2.0,10.0,14.0
Google Inc,ewfsanjay,1,0.0,0.0,0.0,0.0
Google Inc,fly4dat,1,1.0,1.0,13.0,15.0
Google Inc,g_schelle,1,0.0,0.0,0.0,0.0
Google Inc,greatcrasho2018,1,0.0,0.0,1.0,1.0
Google Inc,kamiari_,1,0.0,0.0,0.0,0.0
Google Inc,modelyendofice,1,0.0,0.0,0.0,0.0
Google Inc,oppayahtwitr,1,0.0,0.0,0.0,0.0
Google Inc,orthereaboot,1,0.0,0.0,3.0,3.0
Google Inc,raindropsohmy,1,0.0,0.0,0.0,0.0
Google Inc,sbalatan,1,0.0,0.0,1.0,1.0
Google Inc,shortingisfun,1,2.0,0.0,4.0,6.0
Google Inc,stkbullgod,1,0.0,1.0,0.0,1.0
Google Inc,timcgriffith,1,0.0,1.0,0.0,1.0
Google Inc,valueanalyst1,1,1.0,1.0,44.0,46.0
Google Inc,vieirauae,1,1.0,0.0,0.0,1.0
Google Inc,zeroshorts,1,0.0,0.0,0.0,0.0
Google Inc,zomgapocalypse,1,2.0,0.0,1.0,3.0
Microsoft,blogyomi,1927,9.0,1.0,8.0,18.0
Microsoft,aaaamhim,1577,265.0,224.0,569.0,1058.0
Microsoft,theburdettelawf,1123,164.0,40.0,397.0,601.0
Microsoft,stehaller,878,106.0,483.0,1113.0,1702.0
Microsoft,realsheepwolf,771,271.0,3642.0,5613.0,9526.0
Microsoft,wallstsolver,752,12.0,165.0,57.0,234.0
Microsoft,portfoliobuzz,696,2.0,2.0,17.0,21.0
Microsoft,exactoptionpick,624,8.0,4.0,62.0,74.0
Microsoft,mikeo188,583,298.0,121.0,535.0,954.0
Microsoft,optionalarm,520,5.0,6.0,41.0,52.0
Microsoft,naashonomics,506,20.0,90.0,124.0,234.0
Microsoft,madmraket,498,51.0,107.0,556.0,714.0
Microsoft,rimisback,477,154.0,488.0,873.0,1515.0
Microsoft,tickwatchermf,459,30.0,90.0,266.0,386.0
Microsoft,stock_family,443,49.0,59.0,267.0,375.0
Microsoft,stickycactusink,420,42.0,286.0,362.0,690.0
Microsoft,reurope_stock,395,1.0,1.0,2.0,4.0
Microsoft,dukesealman,393,59.0,171.0,333.0,563.0
Microsoft,dzierler,392,73.0,229.0,693.0,995.0
Microsoft,jctb1,378,46.0,393.0,768.0,1207.0
Microsoft,towelietrades,366,10.0,8.0,47.0,65.0
Microsoft,1minutestock,360,1.0,6.0,12.0,19.0
Microsoft,shortvolumes,337,4.0,2.0,39.0,45.0
Microsoft,talkmarkets,335,4.0,9.0,36.0,49.0
Microsoft,boardtownblast,331,1.0,251.0,78.0,330.0
Microsoft,topstockalerts1,291,6.0,20.0,41.0,67.0
Microsoft,jorellarakalel,278,2.0,11.0,55.0,68.0
Microsoft,minteractapp,278,4.0,52.0,66.0,122.0
Microsoft,investorideas,264,1.0,85.0,14.0,100.0
Microsoft,drugdoctor2014,260,15.0,141.0,663.0,819.0
Microsoft,stockscoops,246,4.0,14.0,28.0,46.0
Microsoft,finscreener_com,240,1.0,6.0,30.0,37.0
Microsoft,teresatrades,240,20.0,79.0,368.0,467.0
Microsoft,eliteoptionswap,239,41.0,33.0,249.0,323.0
Microsoft,permabear_uk,238,82.0,240.0,1297.0,1619.0
Microsoft,daviddaubner,233,0.0,19.0,50.0,69.0
Microsoft,whatsonthorold2,230,1.0,0.0,4.0,5.0
Microsoft,theflynews,225,25.0,678.0,237.0,940.0
Microsoft,ophirgottlieb,223,125.0,197.0,875.0,1197.0
Microsoft,chrisgellis,217,2.0,26.0,5.0,33.0
Microsoft,tickeron,209,4.0,18.0,18.0,40.0
Microsoft,bob2trader,206,21.0,41.0,184.0,246.0
Microsoft,larrylivinston,205,31.0,31.0,130.0,192.0
Microsoft,sethcl,202,33.0,151.0,751.0,935.0
Microsoft,greenstocks2016,199,50.0,174.0,313.0,537.0
Microsoft,mchaudhry82,195,66.0,254.0,1337.0,1657.0
Microsoft,profectusystems,193,7.0,0.0,43.0,50.0
Microsoft,jjjinvesting,192,14.0,38.0,77.0,129.0
Microsoft,dataswarmm,189,0.0,0.0,0.0,0.0
Microsoft,americanbanking,186,0.0,7.0,6.0,13.0
Microsoft,itradevol,184,12.0,81.0,216.0,309.0
Microsoft,tq_equities,184,1.0,19.0,11.0,31.0
Microsoft,raymond10mm,175,26.0,83.0,275.0,384.0
Microsoft,marketedgepro,173,2.0,25.0,52.0,79.0
Microsoft,kingmidasau1,172,14.0,479.0,946.0,1439.0
Microsoft,marketcurrents,172,2.0,85.0,88.0,175.0
Microsoft,cfingraphs,171,0.0,0.0,3.0,3.0
Microsoft,wingtrades,170,3.0,6.0,18.0,27.0
Microsoft,15minofpham,168,19.0,36.0,94.0,149.0
Microsoft,mc_optiontrades,166,1.0,7.0,26.0,34.0
Microsoft,barchart,165,9.0,54.0,105.0,168.0
Microsoft,swingtradebot,158,0.0,13.0,9.0,22.0
Microsoft,tradingguru,158,10.0,28.0,72.0,110.0
Microsoft,mitickwatcher,154,5.0,1.0,11.0,17.0
Microsoft,sawa201200,154,0.0,5.0,3.0,8.0
Microsoft,themarketisopen,152,0.0,1.0,6.0,7.0
Microsoft,sleekoptions,147,1.0,14.0,9.0,24.0
Microsoft,thweissxfx,146,19.0,23.0,274.0,316.0
Microsoft,briefingcom,142,3.0,110.0,37.0,150.0
Microsoft,sonycomeback,140,26.0,22.0,25.0,73.0
Microsoft,options,138,4.0,30.0,79.0,113.0
Microsoft,ratingsnetwork,135,2.0,7.0,11.0,20.0
Microsoft,bwuic,134,1.0,17.0,26.0,44.0
Microsoft,ryuofdarkness,126,1.0,9.0,7.0,17.0
Microsoft,sjoerdapp,123,0.0,38.0,37.0,75.0
Microsoft,autonomouscns,122,1.0,3.0,5.0,9.0
Microsoft,marketrealist,120,2.0,5.0,18.0,25.0
Microsoft,teckanalytics,116,2.0,37.0,115.0,154.0
Microsoft,fusionptcapital,112,175.0,247.0,1155.0,1577.0
Microsoft,stckpro,112,2.0,11.0,4.0,17.0
Microsoft,seekingalpha,111,6.0,68.0,125.0,199.0
Microsoft,wavegenius,107,2.0,10.0,5.0,17.0
Microsoft,spiderman_3s,106,10.0,21.0,171.0,202.0
Microsoft,shoprecord,105,33.0,28.0,37.0,98.0
Microsoft,marketbeatnews,103,1.0,3.0,3.0,7.0
Microsoft,tfnn,102,2.0,11.0,12.0,25.0
Microsoft,ntfri,101,45.0,19.0,163.0,227.0
Microsoft,zerofiltertruth,100,7.0,9.0,36.0,52.0
Microsoft,kreviewer1,99,1.0,0.0,0.0,1.0
Microsoft,benzinga,97,7.0,142.0,149.0,298.0
Microsoft,globalinvestor5,97,10.0,21.0,47.0,78.0
Microsoft,stockspastor,97,10.0,71.0,147.0,228.0
Microsoft,fpswatchlist,96,3.0,61.0,160.0,224.0
Microsoft,thegreenisback,95,3.0,8.0,64.0,75.0
Microsoft,codemonk13,94,10.0,2.0,19.0,31.0
Microsoft,elliottforecast,94,0.0,23.0,29.0,52.0
Microsoft,thestreet,93,49.0,248.0,594.0,891.0
Microsoft,askgeorgebailey,92,9.0,32.0,30.0,71.0
Microsoft,rttradingideas,90,25.0,17.0,75.0,117.0
Microsoft,papaspoppinpeny,89,21.0,117.0,200.0,338.0
Microsoft,carmex212,88,82.0,10.0,86.0,178.0
Microsoft,davidmoadel,87,8.0,33.0,96.0,137.0
Microsoft,ro_patel,86,4.0,15.0,34.0,53.0
Microsoft,cheddarflow,85,14.0,68.0,198.0,280.0
Microsoft,optioncharts,85,1.0,0.0,2.0,3.0
Microsoft,wtcm3,84,61.0,193.0,997.0,1251.0
Microsoft,jedimarkus77,83,108.0,40.0,346.0,494.0
Microsoft,bs_marker,82,2.0,23.0,12.0,37.0
Microsoft,stock_market_pr,82,0.0,9.0,1.0,10.0
Microsoft,opinicusholding,80,9.0,8.0,79.0,96.0
Microsoft,stockhoot,79,0.0,2.0,5.0,7.0
Microsoft,felipepotes83,78,1.0,11.0,19.0,31.0
Microsoft,tickerreport,76,0.0,0.0,3.0,3.0
Microsoft,fuckcnbc,74,1.0,11.0,20.0,32.0
Microsoft,thislincolnian,73,0.0,1.0,2.0,3.0
Microsoft,elpfan,72,1.0,6.0,8.0,15.0
Microsoft,investorplace,72,2.0,19.0,14.0,35.0
Microsoft,jessecoheninv,72,25.0,139.0,298.0,462.0
Microsoft,androsform,71,4.0,14.0,44.0,62.0
Microsoft,lamonicabuzz,71,44.0,164.0,368.0,576.0
Microsoft,olympiareport,71,0.0,1.0,2.0,3.0
Microsoft,raviromo,71,3.0,6.0,18.0,27.0
Microsoft,datatrekmb,70,8.0,35.0,41.0,84.0
Microsoft,justinpulitzer,70,45.0,101.0,383.0,529.0
Microsoft,consumerfeed,69,0.0,3.0,5.0,8.0
Microsoft,optionsmike,69,48.0,98.0,644.0,790.0
Microsoft,psk2329,69,29.0,92.0,360.0,481.0
Microsoft,themarketsdaily,69,0.0,0.0,2.0,2.0
Microsoft,bullbearcharts,68,0.0,2.0,10.0,12.0
Microsoft,optionsmaxpain,68,0.0,1.0,7.0,8.0
Microsoft,swingtradeideas,68,0.0,0.0,1.0,1.0
Microsoft,truebubblehead,67,56.0,91.0,672.0,819.0
Microsoft,wickedsplits,64,0.0,0.0,0.0,0.0
Microsoft,dailypoliticaln,63,0.0,1.0,2.0,3.0
Microsoft,investidea1,63,0.0,23.0,14.0,37.0
Microsoft,tmgstocktips,63,7.0,73.0,111.0,191.0
Microsoft,hotteststocknow,62,0.0,8.0,8.0,16.0
Microsoft,ideasprime,62,4.0,1.0,7.0,12.0
Microsoft,marketchmln,62,3.0,5.0,19.0,27.0
Microsoft,optionsprooi,62,0.0,3.0,0.0,3.0
Microsoft,xosignals,62,4.0,1.0,28.0,33.0
Microsoft,optionslocator,61,20.0,28.0,127.0,175.0
Microsoft,weekherald,61,0.0,0.0,0.0,0.0
Microsoft,dakotafinancial,60,0.0,1.0,4.0,5.0
Microsoft,upboptionmil,60,27.0,188.0,466.0,681.0
Microsoft,garythomson14,58,0.0,10.0,91.0,101.0
Microsoft,openoutcrier,58,8.0,89.0,134.0,231.0
Microsoft,dispatchtribune,57,0.0,0.0,1.0,1.0
Microsoft,roberee,57,15.0,15.0,30.0,60.0
Microsoft,michaelmottcm,56,11.0,14.0,66.0,91.0
Microsoft,shareplanner,55,2.0,60.0,37.0,99.0
Microsoft,transcriptdaily,55,0.0,1.0,3.0,4.0
Microsoft,sssvenky,54,49.0,12.0,271.0,332.0
Microsoft,trendspider,54,25.0,88.0,309.0,422.0
Microsoft,techeblog,53,1.0,81.0,67.0,149.0
Microsoft,jamesowenthe3rd,52,5.0,7.0,76.0,88.0
Microsoft,zolmaxnews,51,0.0,0.0,1.0,1.0
Microsoft,filmprofessor9,49,34.0,13.0,102.0,149.0
Microsoft,j_p_jacques,49,25.0,28.0,113.0,166.0
Microsoft,johnscharts,49,58.0,81.0,442.0,581.0
Microsoft,breaking24seven,47,2.0,32.0,16.0,50.0
Microsoft,saar_eldar,47,3.0,8.0,20.0,31.0
Microsoft,trading_analyst,47,0.0,4.0,18.0,22.0
Microsoft,caetuscap,46,47.0,13.0,125.0,185.0
Microsoft,elcryptochief,45,0.0,1.0,4.0,5.0
Microsoft,ivolatility,44,0.0,1.0,3.0,4.0
Microsoft,petertrader99,44,54.0,37.0,305.0,396.0
Microsoft,trader_blitz,43,5.0,3.0,5.0,13.0
Microsoft,aznoptions,41,15.0,9.0,95.0,119.0
Microsoft,fintwitamzn,41,2.0,3.0,9.0,14.0
Microsoft,warren_tt,41,29.0,3.0,55.0,87.0
Microsoft,chitraders,37,0.0,6.0,3.0,9.0
Microsoft,everytimeicash,36,2.0,6.0,20.0,28.0
Microsoft,mikes_charts,36,11.0,15.0,94.0,120.0
Microsoft,rufioooooh,36,12.0,0.0,5.0,17.0
Microsoft,optionsforecast,35,8.0,7.0,61.0,76.0
Microsoft,pkchin888,35,1.0,0.0,11.0,12.0
Microsoft,reddogt3,35,147.0,103.0,978.0,1228.0
Microsoft,wsbconsensus,34,4.0,13.0,19.0,36.0
Microsoft,sl20707,33,0.0,3.0,6.0,9.0
Microsoft,weijgenberger,33,0.0,2.0,2.0,4.0
Microsoft,realmoney,32,5.0,85.0,105.0,195.0
Microsoft,roka_dura,32,14.0,6.0,91.0,111.0
Microsoft,financialbuzz,31,0.0,33.0,193.0,226.0
Microsoft,rampuptrading,29,18.0,67.0,370.0,455.0
Microsoft,gerberkawasaki,28,110.0,78.0,631.0,819.0
Microsoft,tradewithtechs,28,12.0,19.0,114.0,145.0
Microsoft,classicoptions,27,8.0,30.0,159.0,197.0
Microsoft,magnoliag2012,26,0.0,2.0,3.0,5.0
Microsoft,pipstodollars,25,23.0,53.0,156.0,232.0
Microsoft,waitcapital,25,12.0,3.0,74.0,89.0
Microsoft,nickfranciscoo,24,8.0,4.0,15.0,27.0
Microsoft,canuck2usa,23,32.0,36.0,226.0,294.0
Microsoft,spartantrading,23,12.0,24.0,92.0,128.0
Microsoft,theoptionspros,23,0.0,4.0,12.0,16.0
Microsoft,apppro1,22,5.0,7.0,14.0,26.0
Microsoft,eliteoptions2,22,31.0,38.0,262.0,331.0
Microsoft,tos_option,21,3.0,2.0,19.0,24.0
Microsoft,ebitdatrades,20,1.0,15.0,28.0,44.0
Microsoft,realwillmeade,20,63.0,52.0,580.0,695.0
Microsoft,infinituscap,19,5.0,5.0,14.0,24.0
Microsoft,llcbillionaire,19,2.0,1.0,4.0,7.0
Microsoft,racernic,19,3.0,26.0,33.0,62.0
Microsoft,oactrading,18,0.0,0.0,1.0,1.0
Microsoft,stock_hunter89,18,11.0,14.0,128.0,153.0
Microsoft,tradingwizard1,18,5.0,0.0,2.0,7.0
Microsoft,asymmetricalpha,17,44.0,10.0,187.0,241.0
Microsoft,data168,16,11.0,3.0,41.0,55.0
Microsoft,seyedoption,16,3.0,1.0,13.0,17.0
Microsoft,trickmitch1,16,9.0,12.0,95.0,116.0
Microsoft,fininvtr,15,0.0,11.0,13.0,24.0
Microsoft,jefffocker,15,2.0,0.0,5.0,7.0
Microsoft,si_investor,15,0.0,2.0,1.0,3.0
Microsoft,teshen8lin,15,1.0,1.0,4.0,6.0
Microsoft,echotoall,14,3.0,7.0,12.0,22.0
Microsoft,jchengery,14,0.0,5.0,28.0,33.0
Microsoft,maythefroth,14,3.0,0.0,5.0,8.0
Microsoft,fintwittsla,13,0.0,0.0,9.0,9.0
Microsoft,gambistefinance,13,0.0,3.0,3.0,6.0
Microsoft,luke_sosnowski,13,6.0,13.0,46.0,65.0
Microsoft,misselllly,13,1.0,1.0,9.0,11.0
Microsoft,brainhoits,12,1.0,2.0,9.0,12.0
Microsoft,vieirauae,12,0.0,15.0,9.0,24.0
Microsoft,danshep55,11,0.0,5.0,25.0,30.0
Microsoft,mdtrades12,10,9.0,12.0,81.0,102.0
Microsoft,kasdad,9,5.0,7.0,48.0,60.0
Microsoft,aaronklein10x,8,7.0,11.0,18.0,36.0
Microsoft,quanttradr,8,1.0,3.0,3.0,7.0
Microsoft,rakutenstock,8,0.0,1.0,0.0,1.0
Microsoft,swatresearch,8,1.0,4.0,12.0,17.0
Microsoft,deafdaytrader,7,7.0,9.0,65.0,81.0
Microsoft,unhedgedchatter,7,2.0,1.0,7.0,10.0
Microsoft,drweeklyoptions,6,1.0,0.0,11.0,12.0
Microsoft,faisamtrader,6,0.0,3.0,2.0,5.0
Microsoft,mr_moonstocks,6,4.0,1.0,12.0,17.0
Microsoft,oppayahtwitr,6,4.0,13.0,24.0,41.0
Microsoft,protrader_vini,6,1.0,2.0,16.0,19.0
Microsoft,shawncj6,6,0.0,1.0,2.0,3.0
Microsoft,shortingisfun,6,5.0,0.0,20.0,25.0
Microsoft,banana3stocks,5,1.0,1.0,4.0,6.0
Microsoft,farrisbaba,5,18.0,30.0,137.0,185.0
Microsoft,hedgehogoptions,5,12.0,3.0,28.0,43.0
Microsoft,msectors,5,0.0,1.0,2.0,3.0
Microsoft,naviavatar1,5,1.0,4.0,12.0,17.0
Microsoft,bgamall,4,0.0,2.0,1.0,3.0
Microsoft,dapstats,4,0.0,1.0,4.0,5.0
Microsoft,freetrades4u,4,0.0,0.0,3.0,3.0
Microsoft,sbalatan,4,1.0,2.0,4.0,7.0
Microsoft,scriptstotrade,4,1.0,1.0,7.0,9.0
Microsoft,alert_options,3,0.0,2.0,2.0,4.0
Microsoft,alicech76224366,3,2.0,0.0,3.0,5.0
Microsoft,enertuition,3,1.0,0.0,3.0,4.0
Microsoft,mwm76,3,0.0,0.0,0.0,0.0
Microsoft,passthebeano,3,1.0,0.0,4.0,5.0
Microsoft,patrickcomack,3,0.0,2.0,1.0,3.0
Microsoft,plainsite,3,3.0,0.0,30.0,33.0
Microsoft,tradingthomas3,3,1.0,0.0,3.0,4.0
Microsoft,vonklein300,3,1.0,0.0,1.0,2.0
Microsoft,wise_owl_trader,3,0.0,1.0,4.0,5.0
Microsoft,abledoc,2,3.0,1.0,5.0,9.0
Microsoft,accessatrader,2,0.0,1.0,2.0,3.0
Microsoft,ewfsanjay,2,0.0,0.0,0.0,0.0
Microsoft,llyrx,2,0.0,1.0,2.0,3.0
Microsoft,manictrading,2,0.0,1.0,1.0,2.0
Microsoft,myquikfo,2,0.0,0.0,0.0,0.0
Microsoft,options_ov,2,0.0,1.0,9.0,10.0
Microsoft,optionstradin17,2,1.0,0.0,4.0,5.0
Microsoft,raindropsohmy,2,0.0,0.0,3.0,3.0
Microsoft,traderdanny77,2,0.0,0.0,3.0,3.0
Microsoft,bradsferguson,1,1.0,0.0,0.0,1.0
Microsoft,brisance,1,0.0,0.0,1.0,1.0
Microsoft,c4chaos,1,0.0,0.0,2.0,2.0
Microsoft,commuternyc,1,0.0,0.0,0.0,0.0
Microsoft,facebookipoflop,1,0.0,0.0,0.0,0.0
Microsoft,invresdynamics,1,0.0,0.0,1.0,1.0
Microsoft,jackwildcat,1,2.0,0.0,0.0,2.0
Microsoft,japanesegunto,1,0.0,0.0,0.0,0.0
Microsoft,marshmall0wpeep,1,0.0,1.0,0.0,1.0
Microsoft,mothercabrininy,1,0.0,0.0,3.0,3.0
Microsoft,orthereaboot,1,0.0,0.0,2.0,2.0
Microsoft,paully_steaks,1,1.0,0.0,0.0,1.0
Microsoft,rottenal,1,0.0,0.0,0.0,0.0
Microsoft,sell_that_optio,1,0.0,0.0,1.0,1.0
Microsoft,squawksquare,1,0.0,0.0,0.0,0.0
Microsoft,stkbullgod,1,1.0,0.0,5.0,6.0
Microsoft,stockmktgenius,1,0.0,0.0,1.0,1.0
Microsoft,talesftf,1,1.0,0.0,1.0,2.0
Microsoft,teslany,1,0.0,1.0,1.0,2.0
Microsoft,tilmanwinkler,1,0.0,0.0,1.0,1.0
Microsoft,timcgriffith,1,0.0,0.0,1.0,1.0
Microsoft,wpipperger,1,0.0,0.0,2.0,2.0
Microsoft,zeroshorts,1,0.0,0.0,0.0,0.0
Tesla Inc,passthebeano,7445,6530.0,4528.0,51773.0,62831.0
Tesla Inc,commuternyc,6374,2906.0,1119.0,11168.0,15193.0
Tesla Inc,exactoptionpick,4781,53.0,26.0,762.0,841.0
Tesla Inc,fintwittsla,4751,187.0,399.0,2181.0,2767.0
Tesla Inc,shortingisfun,3927,3407.0,2755.0,25803.0,31965.0
Tesla Inc,pluginfud,3555,11875.0,5633.0,72746.0,90254.0
Tesla Inc,davidmoadel,3545,300.0,1428.0,3413.0,5141.0
Tesla Inc,steelnicho,3436,1170.0,458.0,7053.0,8681.0
Tesla Inc,teslaopinion,3418,3202.0,10463.0,47121.0,60786.0
Tesla Inc,wickedsplits,3282,96.0,514.0,259.0,869.0
Tesla Inc,zomgapocalypse,3249,3988.0,2093.0,19135.0,25216.0
Tesla Inc,melaynalokosky,3144,3066.0,2442.0,18238.0,23746.0
Tesla Inc,portfoliobuzz,3097,3.0,275.0,171.0,449.0
Tesla Inc,mothercabrininy,2945,2557.0,777.0,13119.0,16453.0
Tesla Inc,evdefender,2747,4248.0,6458.0,48858.0,59564.0
Tesla Inc,alpsoy66,2666,2765.0,6943.0,40241.0,49949.0
Tesla Inc,sbalatan,2595,1373.0,1189.0,10516.0,13078.0
Tesla Inc,orthereaboot,2515,5739.0,8740.0,67104.0,81583.0
Tesla Inc,polixenes13,2492,5329.0,6949.0,62478.0,74756.0
Tesla Inc,markbspiegel,2127,10164.0,8046.0,80551.0,98761.0
Tesla Inc,teslacharts,1779,11938.0,12208.0,121041.0,145187.0
Tesla Inc,faisamtrader,1691,6.0,199.0,168.0,373.0
Tesla Inc,4xrevenue,1570,1312.0,1147.0,14600.0,17059.0
Tesla Inc,ssb168,1570,700.0,339.0,2639.0,3678.0
Tesla Inc,fuckcnbc,1545,6.0,303.0,97.0,406.0
Tesla Inc,paul91701736,1542,3312.0,3281.0,35181.0,41774.0
Tesla Inc,vincent13031925,1412,14998.0,44644.0,270471.0,330113.0
Tesla Inc,wehbyjammin,1411,719.0,149.0,3369.0,4237.0
Tesla Inc,kawasakikr11,1392,1547.0,1610.0,12222.0,15379.0
Tesla Inc,marshmall0wpeep,1337,1409.0,976.0,8753.0,11138.0
Tesla Inc,c4chaos,1335,296.0,351.0,3050.0,3697.0
Tesla Inc,fraudguts,1279,516.0,248.0,2329.0,3093.0
Tesla Inc,bradmunchen,1248,2743.0,2938.0,24267.0,29948.0
Tesla Inc,contrarianshort,1229,1442.0,630.0,14411.0,16483.0
Tesla Inc,teslany,1221,2478.0,10612.0,30002.0,43092.0
Tesla Inc,pollstesla,1193,1443.0,425.0,4916.0,6784.0
Tesla Inc,rtgt_guinness,1159,193.0,185.0,1451.0,1829.0
Tesla Inc,elons420fraud,1147,666.0,131.0,2971.0,3768.0
Tesla Inc,aaaamhim,1136,137.0,82.0,395.0,614.0
Tesla Inc,themicrx,1110,324.0,108.0,2158.0,2590.0
Tesla Inc,wheels88fortune,1110,750.0,696.0,6018.0,7464.0
Tesla Inc,optionalarm,1099,12.0,13.0,215.0,240.0
Tesla Inc,john54436259,1094,1246.0,1037.0,7731.0,10014.0
Tesla Inc,trumpery45,1091,2139.0,1844.0,14059.0,18042.0
Tesla Inc,gerberkawasaki,1086,23098.0,26083.0,198501.0,247682.0
Tesla Inc,bertelschmitt,1051,1755.0,2440.0,10878.0,15073.0
Tesla Inc,spartantrader96,1038,437.0,180.0,2387.0,3004.0
Tesla Inc,bomsteinrick,1021,933.0,768.0,8987.0,10688.0
Tesla Inc,elliottforecast,1021,35.0,346.0,278.0,659.0
Tesla Inc,patrickcomack,1000,419.0,446.0,4327.0,5192.0
Tesla Inc,memesofmars,994,257.0,827.0,3380.0,4464.0
Tesla Inc,gambistefinance,991,38.0,157.0,302.0,497.0
Tesla Inc,plainsite,975,2416.0,5682.0,29634.0,37732.0
Tesla Inc,barkmsmeagol,966,3567.0,5051.0,36578.0,45196.0
Tesla Inc,paully_steaks,948,213.0,89.0,884.0,1186.0
Tesla Inc,wpipperger,942,3043.0,1477.0,10088.0,14608.0
Tesla Inc,jcoviedo6,916,1500.0,2192.0,13772.0,17464.0
Tesla Inc,dope007,899,516.0,222.0,3570.0,4308.0
Tesla Inc,valueanalyst1,875,4672.0,3842.0,32859.0,41373.0
Tesla Inc,fly4dat,870,2625.0,1899.0,17639.0,22163.0
Tesla Inc,kkublai5,865,660.0,197.0,5047.0,5904.0
Tesla Inc,squawksquare,857,444.0,394.0,2917.0,3755.0
Tesla Inc,mikeo188,852,237.0,257.0,1905.0,2399.0
Tesla Inc,zeroshorts,846,432.0,508.0,4074.0,5014.0
Tesla Inc,biggie_calls,840,763.0,291.0,5717.0,6771.0
Tesla Inc,stehaller,840,100.0,479.0,1073.0,1652.0
Tesla Inc,modelyendofice,837,639.0,568.0,3351.0,4558.0
Tesla Inc,theburdettelawf,836,102.0,24.0,310.0,436.0
Tesla Inc,viidakkotimppa,826,551.0,308.0,3940.0,4799.0
Tesla Inc,davebudge,799,427.0,179.0,2568.0,3174.0
Tesla Inc,streamtesla,796,84.0,176.0,1078.0,1338.0
Tesla Inc,oppayahtwitr,786,409.0,539.0,2549.0,3497.0
Tesla Inc,alert_options,768,40.0,267.0,522.0,829.0
Tesla Inc,wallstcynic,753,4225.0,4819.0,36514.0,45558.0
Tesla Inc,teslacito,751,278.0,314.0,1968.0,2560.0
Tesla Inc,abledoc,749,528.0,345.0,2315.0,3188.0
Tesla Inc,jordanwells33,731,763.0,221.0,4015.0,4999.0
Tesla Inc,mrr17941987,726,240.0,171.0,1592.0,2003.0
Tesla Inc,subach,705,526.0,305.0,3749.0,4580.0
Tesla Inc,bgrahamdisciple,699,2309.0,2156.0,26751.0,31216.0
Tesla Inc,enertuition,690,763.0,563.0,5367.0,6693.0
Tesla Inc,tool_grinder,688,972.0,1187.0,10803.0,12962.0
Tesla Inc,28delayslater,686,5329.0,5590.0,53267.0,64186.0
Tesla Inc,phenomenalpoto,681,1159.0,1567.0,11434.0,14160.0
Tesla Inc,ethicsgradient,675,374.0,990.0,5622.0,6986.0
Tesla Inc,jonbryant421,674,525.0,70.0,697.0,1292.0
Tesla Inc,wintoncapptnrs,673,436.0,372.0,4205.0,5013.0
Tesla Inc,chris_stearns,670,628.0,105.0,1375.0,2108.0
Tesla Inc,wise_owl_trader,661,208.0,188.0,1270.0,1666.0
Tesla Inc,twainsmustache,653,682.0,892.0,7577.0,9151.0
Tesla Inc,facts_tesla,642,893.0,2586.0,12388.0,15867.0
Tesla Inc,tweetertweaker,641,666.0,668.0,6512.0,7846.0
Tesla Inc,dapstats,638,464.0,216.0,1786.0,2466.0
Tesla Inc,talesftf,620,567.0,239.0,2633.0,3439.0
Tesla Inc,phoennix10,607,1424.0,2727.0,15501.0,19652.0
Tesla Inc,globalinvestor5,593,55.0,33.0,119.0,207.0
Tesla Inc,tomi,585,1050.0,511.0,7535.0,9096.0
Tesla Inc,hedgehogoptions,583,740.0,192.0,3182.0,4114.0
Tesla Inc,dathandsomejerk,579,231.0,257.0,1273.0,1761.0
Tesla Inc,ericdavis221,567,474.0,8.0,112.0,594.0
Tesla Inc,scriptstotrade,566,118.0,141.0,2097.0,2356.0
Tesla Inc,danshep55,564,385.0,199.0,2190.0,2774.0
Tesla Inc,boy2000fan,553,366.0,239.0,3398.0,4003.0
Tesla Inc,valueexpected,552,731.0,403.0,4665.0,5799.0
Tesla Inc,elonbachman,548,2308.0,4344.0,27886.0,34538.0
Tesla Inc,jebkinnison,548,674.0,667.0,6784.0,8125.0
Tesla Inc,iliketeslas,545,1997.0,1262.0,14745.0,18004.0
Tesla Inc,themarketisopen,541,16.0,25.0,67.0,108.0
Tesla Inc,randyvegetables,540,984.0,496.0,6043.0,7523.0
Tesla Inc,blane9171,537,505.0,571.0,5636.0,6712.0
Tesla Inc,macrockets,532,664.0,1600.0,10643.0,12907.0
Tesla Inc,evannex_com,531,432.0,3566.0,13461.0,17459.0
Tesla Inc,vieirauae,526,65.0,593.0,629.0,1287.0
Tesla Inc,minteractapp,521,19.0,165.0,124.0,308.0
Tesla Inc,donutshorts,515,897.0,1249.0,9256.0,11402.0
Tesla Inc,vgrinshpun,515,1327.0,4009.0,22428.0,27764.0
Tesla Inc,quanttradr,513,147.0,76.0,280.0,503.0
Tesla Inc,salt_nole,504,472.0,334.0,4624.0,5430.0
Tesla Inc,rooseveltpatoo1,503,456.0,387.0,4256.0,5099.0
Tesla Inc,rottenal,499,401.0,213.0,3211.0,3825.0
Tesla Inc,jurabilis,496,253.0,125.0,1400.0,1778.0
Tesla Inc,dataswarmm,495,2.0,0.0,0.0,2.0
Tesla Inc,yeomen23,492,354.0,108.0,1566.0,2028.0
Tesla Inc,tiffanyphoto1,485,295.0,407.0,2464.0,3166.0
Tesla Inc,greatcrasho2018,481,510.0,422.0,3954.0,4886.0
Tesla Inc,milestaylor47,478,85.0,144.0,286.0,515.0
Tesla Inc,eliteoptionswap,475,108.0,45.0,497.0,650.0
Tesla Inc,grainsurgeon,473,1124.0,809.0,8727.0,10660.0
Tesla Inc,ventmixologist,473,224.0,260.0,1615.0,2099.0
Tesla Inc,g_schelle,471,354.0,220.0,1987.0,2561.0
Tesla Inc,jjjinvesting,465,34.0,71.0,253.0,358.0
Tesla Inc,freetrades4u,464,26.0,45.0,458.0,529.0
Tesla Inc,facebookipoflop,458,139.0,62.0,354.0,555.0
Tesla Inc,lazcheven,447,177.0,188.0,1064.0,1429.0
Tesla Inc,s_padival,445,1219.0,2391.0,13540.0,17150.0
Tesla Inc,investorswan,443,260.0,137.0,982.0,1379.0
Tesla Inc,1minutestock,438,6.0,10.0,31.0,47.0
Tesla Inc,echotoall,436,79.0,74.0,452.0,605.0
Tesla Inc,mmike2016,434,163.0,79.0,821.0,1063.0
Tesla Inc,hilinetrail,429,409.0,345.0,4008.0,4762.0
Tesla Inc,topstockalerts1,428,16.0,29.0,130.0,175.0
Tesla Inc,elonsworld,427,1059.0,2286.0,11857.0,15202.0
Tesla Inc,kirillklip,426,37.0,2373.0,2075.0,4485.0
Tesla Inc,data168,423,330.0,56.0,1401.0,1787.0
Tesla Inc,dburkland,422,198.0,186.0,1473.0,1857.0
Tesla Inc,boldmovefitness,421,48.0,31.0,363.0,442.0
Tesla Inc,ophirgottlieb,416,304.0,460.0,1294.0,2058.0
Tesla Inc,invresdynamics,414,507.0,415.0,2866.0,3788.0
Tesla Inc,rimisback,410,119.0,404.0,748.0,1271.0
Tesla Inc,stevehamel16,409,1477.0,2923.0,15721.0,20121.0
Tesla Inc,titoelbandito,407,204.0,83.0,1407.0,1694.0
Tesla Inc,boriquagato,403,976.0,1644.0,12013.0,14633.0
Tesla Inc,profectusystems,401,15.0,1.0,75.0,91.0
Tesla Inc,valuedissenter,401,1106.0,697.0,8799.0,10602.0
Tesla Inc,jackwildcat,392,208.0,34.0,718.0,960.0
Tesla Inc,kaffeedosenfil1,386,295.0,199.0,1581.0,2075.0
Tesla Inc,bradsferguson,382,370.0,577.0,3735.0,4682.0
Tesla Inc,unknowntrader,378,174.0,38.0,761.0,973.0
Tesla Inc,brisance,376,180.0,137.0,1103.0,1420.0
Tesla Inc,stickycactusink,376,37.0,257.0,359.0,653.0
Tesla Inc,tilmanwinkler,375,479.0,432.0,3095.0,4006.0
Tesla Inc,bsa19741,372,1014.0,1749.0,14186.0,16949.0
Tesla Inc,teslaconomics,368,199.0,434.0,3335.0,3968.0
Tesla Inc,bagholderquotes,367,912.0,1310.0,21251.0,23473.0
Tesla Inc,kamiari_,367,215.0,130.0,1269.0,1614.0
Tesla Inc,raymond10mm,367,37.0,122.0,468.0,627.0
Tesla Inc,stkbullgod,367,443.0,198.0,2752.0,3393.0
Tesla Inc,oactrading,359,0.0,4.0,15.0,19.0
Tesla Inc,maythefroth,354,184.0,71.0,509.0,764.0
Tesla Inc,justtradin,343,484.0,67.0,747.0,1298.0
Tesla Inc,infinituscap,341,152.0,65.0,199.0,416.0
Tesla Inc,naashonomics,341,34.0,65.0,145.0,244.0
Tesla Inc,johnscharts,323,392.0,398.0,2746.0,3536.0
Tesla Inc,fininvtr,319,24.0,398.0,669.0,1091.0
Tesla Inc,thelincolnlist,317,19.0,34.0,148.0,201.0
Tesla Inc,itradevol,316,35.0,230.0,498.0,763.0
Tesla Inc,seekingalpha,313,69.0,194.0,517.0,780.0
Tesla Inc,thestreet,308,605.0,1152.0,2723.0,4480.0
Tesla Inc,mwm76,304,34.0,12.0,167.0,213.0
Tesla Inc,stckpro,303,3.0,28.0,38.0,69.0
Tesla Inc,mc_optiontrades,298,11.0,23.0,82.0,116.0
Tesla Inc,aaronklein10x,296,286.0,304.0,593.0,1183.0
Tesla Inc,naviavatar1,295,150.0,319.0,904.0,1373.0
Tesla Inc,talkmarkets,295,8.0,3.0,45.0,56.0
Tesla Inc,options,294,11.0,61.0,145.0,217.0
Tesla Inc,papaspoppinpeny,294,3.0,110.0,155.0,268.0
Tesla Inc,traderdanny77,290,35.0,47.0,211.0,293.0
Tesla Inc,truebubblehead,287,240.0,364.0,2720.0,3324.0
Tesla Inc,spartantrading,284,135.0,166.0,826.0,1127.0
Tesla Inc,larrylivinston,282,40.0,37.0,182.0,259.0
Tesla Inc,teresatrades,282,38.0,82.0,455.0,575.0
Tesla Inc,theflynews,275,32.0,653.0,394.0,1079.0
Tesla Inc,wallstsolver,273,3.0,16.0,26.0,45.0
Tesla Inc,kasdad,272,153.0,34.0,545.0,732.0
Tesla Inc,asymmetricalpha,269,264.0,66.0,1381.0,1711.0
Tesla Inc,420weedstreet,264,28.0,61.0,169.0,258.0
Tesla Inc,jorellarakalel,264,24.0,30.0,104.0,158.0
Tesla Inc,luke_sosnowski,260,195.0,342.0,1332.0,1869.0
Tesla Inc,roka_dura,259,101.0,15.0,458.0,574.0
Tesla Inc,realsheepwolf,257,154.0,1173.0,1866.0,3193.0
Tesla Inc,drugdoctor2014,250,16.0,123.0,610.0,749.0
Tesla Inc,mr_moonstocks,248,62.0,26.0,196.0,284.0
Tesla Inc,benzinga,247,69.0,440.0,556.0,1065.0
Tesla Inc,androsform,245,26.0,17.0,156.0,199.0
Tesla Inc,deafdaytrader,245,356.0,170.0,1934.0,2460.0
Tesla Inc,15minofpham,244,24.0,61.0,117.0,202.0
Tesla Inc,mchaudhry82,238,58.0,209.0,1100.0,1367.0
Tesla Inc,protrader_vini,230,195.0,33.0,673.0,901.0
Tesla Inc,caetuscap,226,213.0,44.0,445.0,702.0
Tesla Inc,permabear_uk,226,127.0,158.0,921.0,1206.0
Tesla Inc,jefffocker,224,34.0,7.0,74.0,115.0
Tesla Inc,optionsmaxpain,224,0.0,0.0,19.0,19.0
Tesla Inc,openoutcrier,222,98.0,443.0,824.0,1365.0
Tesla Inc,fusionptcapital,219,384.0,187.0,2157.0,2728.0
Tesla Inc,swingtradeideas,219,2.0,0.0,8.0,10.0
Tesla Inc,towelietrades,215,10.0,16.0,55.0,81.0
Tesla Inc,ulmhi,213,0.0,1.0,8.0,9.0
Tesla Inc,tos_option,212,25.0,32.0,169.0,226.0
Tesla Inc,blogyomi,211,0.0,2.0,8.0,10.0
Tesla Inc,stock_hunter89,210,124.0,62.0,1104.0,1290.0
Tesla Inc,marketcurrents,208,13.0,84.0,139.0,236.0
Tesla Inc,wallstreetelix5,207,101.0,63.0,785.0,949.0
Tesla Inc,tq_equities,206,5.0,15.0,32.0,52.0
Tesla Inc,psk2329,202,111.0,132.0,859.0,1102.0
Tesla Inc,autonomouscns,199,6.0,7.0,32.0,45.0
Tesla Inc,optionsforecast,199,83.0,67.0,409.0,559.0
Tesla Inc,pipstodollars,198,137.0,163.0,741.0,1041.0
Tesla Inc,timcgriffith,197,25.0,80.0,177.0,282.0
Tesla Inc,japanesegunto,196,9.0,3.0,56.0,68.0
Tesla Inc,llyrx,194,8.0,32.0,270.0,310.0
Tesla Inc,shortvolumes,189,11.0,3.0,26.0,40.0
Tesla Inc,stockspastor,189,5.0,81.0,231.0,317.0
Tesla Inc,ideasprime,186,12.0,5.0,36.0,53.0
Tesla Inc,tickwatchermf,185,17.0,22.0,149.0,188.0
Tesla Inc,sl20707,183,1.0,4.0,4.0,9.0
Tesla Inc,accessatrader,182,14.0,88.0,194.0,296.0
Tesla Inc,realwillmeade,181,735.0,480.0,4113.0,5328.0
Tesla Inc,madmraket,180,35.0,32.0,232.0,299.0
Tesla Inc,si_investor,180,10.0,9.0,56.0,75.0
Tesla Inc,filmprofessor9,179,114.0,34.0,285.0,433.0
Tesla Inc,warren_tt,179,82.0,13.0,182.0,277.0
Tesla Inc,rampuptrading,178,198.0,342.0,2670.0,3210.0
Tesla Inc,j_p_jacques,176,172.0,272.0,1225.0,1669.0
Tesla Inc,americanbanking,175,3.0,3.0,30.0,36.0
Tesla Inc,chitraders,174,4.0,24.0,78.0,106.0
Tesla Inc,myquikfo,172,2.0,37.0,27.0,66.0
Tesla Inc,tmgstocktips,170,19.0,83.0,245.0,347.0
Tesla Inc,tickeron,165,7.0,18.0,33.0,58.0
Tesla Inc,roberee,164,43.0,15.0,69.0,127.0
Tesla Inc,tradingguru,164,12.0,30.0,75.0,117.0
Tesla Inc,justinpulitzer,162,145.0,147.0,756.0,1048.0
Tesla Inc,barchart,159,6.0,55.0,109.0,170.0
Tesla Inc,canuck2usa,157,198.0,251.0,1280.0,1729.0
Tesla Inc,vonklein300,154,30.0,64.0,211.0,305.0
Tesla Inc,msectors,153,11.0,62.0,146.0,219.0
Tesla Inc,sjoerdapp,153,3.0,12.0,55.0,70.0
Tesla Inc,wsbconsensus,153,34.0,33.0,94.0,161.0
Tesla Inc,fpswatchlist,150,15.0,115.0,282.0,412.0
Tesla Inc,optionslocator,150,26.0,26.0,175.0,227.0
Tesla Inc,trader_blitz,147,5.0,4.0,51.0,60.0
Tesla Inc,apppro1,145,26.0,17.0,85.0,128.0
Tesla Inc,cheddarflow,145,52.0,103.0,411.0,566.0
Tesla Inc,swingtradebot,145,8.0,7.0,14.0,29.0
Tesla Inc,shareplanner,143,11.0,155.0,83.0,249.0
Tesla Inc,swatresearch,143,70.0,81.0,422.0,573.0
Tesla Inc,optioncharts,141,3.0,3.0,23.0,29.0
Tesla Inc,bob2trader,138,18.0,28.0,67.0,113.0
Tesla Inc,weijgenberger,138,13.0,4.0,19.0,36.0
Tesla Inc,wingtrades,138,11.0,3.0,34.0,48.0
Tesla Inc,sawa201200,131,8.0,6.0,33.0,47.0
Tesla Inc,pbay08,130,30.0,6.0,51.0,87.0
Tesla Inc,stock_family,130,20.0,22.0,66.0,108.0
Tesla Inc,spiderman_3s,129,18.0,28.0,206.0,252.0
Tesla Inc,mkt_matrix,127,5.0,18.0,47.0,70.0
Tesla Inc,jamesowenthe3rd,126,65.0,61.0,407.0,533.0
Tesla Inc,saar_eldar,125,5.0,24.0,41.0,70.0
Tesla Inc,investorideas,122,2.0,29.0,20.0,51.0
Tesla Inc,marketrealist,122,5.0,6.0,45.0,56.0
Tesla Inc,michaelmottcm,121,41.0,32.0,166.0,239.0
Tesla Inc,briefingcom,119,10.0,95.0,27.0,132.0
Tesla Inc,eliteoptions2,119,328.0,210.0,1507.0,2045.0
Tesla Inc,farrisbaba,116,210.0,49.0,910.0,1169.0
Tesla Inc,ratingsnetwork,116,5.0,11.0,27.0,43.0
Tesla Inc,theoptionspros,115,12.0,7.0,51.0,70.0
Tesla Inc,elcryptochief,113,7.0,5.0,25.0,37.0
Tesla Inc,iamtito_,113,0.0,9.0,10.0,19.0
Tesla Inc,investidea1,111,3.0,35.0,34.0,72.0
Tesla Inc,options_ov,111,67.0,38.0,324.0,429.0
Tesla Inc,ntfri,108,73.0,29.0,250.0,352.0
Tesla Inc,rttradingideas,107,33.0,20.0,102.0,155.0
Tesla Inc,ebitdatrades,106,1.0,50.0,39.0,90.0
Tesla Inc,xosignals,106,7.0,3.0,41.0,51.0
Tesla Inc,lamonicabuzz,103,76.0,114.0,380.0,570.0
Tesla Inc,upboptionmil,101,53.0,270.0,731.0,1054.0
Tesla Inc,seyedoption,98,49.0,2.0,148.0,199.0
Tesla Inc,teshen8lin,97,23.0,15.0,65.0,103.0
Tesla Inc,brainhoits,96,4.0,18.0,45.0,67.0
Tesla Inc,marketbeatnews,96,7.0,15.0,25.0,47.0
Tesla Inc,pkchin888,96,0.0,0.0,38.0,38.0
Tesla Inc,reurope_stock,96,0.0,7.0,14.0,21.0
Tesla Inc,manictrading,95,44.0,20.0,299.0,363.0
Tesla Inc,ivolatility,94,5.0,2.0,9.0,16.0
Tesla Inc,drweeklyoptions,93,23.0,10.0,153.0,186.0
Tesla Inc,opinicusholding,93,8.0,9.0,88.0,105.0
Tesla Inc,whatsonthorold2,92,1.0,1.0,4.0,6.0
Tesla Inc,petertrader99,91,147.0,72.0,593.0,812.0
Tesla Inc,everytimeicash,90,35.0,29.0,241.0,305.0
Tesla Inc,tfnn,90,2.0,12.0,17.0,31.0
Tesla Inc,tickerreport,90,1.0,3.0,8.0,12.0
Tesla Inc,ewfsanjay,88,0.0,3.0,9.0,12.0
Tesla Inc,bullbearcharts,87,3.0,2.0,13.0,18.0
Tesla Inc,mdtrades12,85,84.0,47.0,360.0,491.0
Tesla Inc,tradewithtechs,85,25.0,39.0,236.0,300.0
Tesla Inc,financialbuzz,84,1.0,394.0,1334.0,1729.0
Tesla Inc,anky7544,83,17.0,9.0,62.0,88.0
Tesla Inc,breaking24seven,83,2.0,60.0,113.0,175.0
Tesla Inc,sethcl,83,41.0,42.0,245.0,328.0
Tesla Inc,investorplace,81,5.0,26.0,51.0,82.0
Tesla Inc,jessecoheninv,81,28.0,108.0,275.0,411.0
Tesla Inc,sssvenky,80,54.0,22.0,352.0,428.0
Tesla Inc,stockhoot,79,1.0,4.0,18.0,23.0
Tesla Inc,trendspider,79,46.0,131.0,475.0,652.0
Tesla Inc,misselllly,78,17.0,4.0,61.0,82.0
Tesla Inc,techeblog,78,6.0,148.0,111.0,265.0
Tesla Inc,alicech76224366,77,36.0,9.0,91.0,136.0
Tesla Inc,thislincolnian,77,4.0,8.0,25.0,37.0
Tesla Inc,hotteststocknow,76,0.0,5.0,9.0,14.0
Tesla Inc,felipepotes83,72,9.0,10.0,32.0,51.0
Tesla Inc,marketchmln,72,3.0,13.0,21.0,37.0
Tesla Inc,realmoney,72,40.0,158.0,295.0,493.0
Tesla Inc,dailypoliticaln,71,0.0,1.0,8.0,9.0
Tesla Inc,greenstocks2016,71,14.0,57.0,124.0,195.0
Tesla Inc,llcbillionaire,71,6.0,10.0,33.0,49.0
Tesla Inc,tradingwizard1,71,15.0,20.0,40.0,75.0
Tesla Inc,optionsmike,70,98.0,101.0,692.0,891.0
Tesla Inc,consumerfeed,67,1.0,4.0,9.0,14.0
Tesla Inc,olympiareport,67,1.0,7.0,11.0,19.0
Tesla Inc,teckanalytics,66,1.0,14.0,59.0,74.0
Tesla Inc,trickmitch1,66,99.0,55.0,453.0,607.0
Tesla Inc,dispatchtribune,65,3.0,0.0,9.0,12.0
Tesla Inc,dukesealman,65,10.0,19.0,52.0,81.0
Tesla Inc,kreviewer1,63,0.0,0.0,1.0,1.0
Tesla Inc,banana3stocks,62,14.0,3.0,31.0,48.0
Tesla Inc,carmex212,62,37.0,3.0,57.0,97.0
Tesla Inc,transcriptdaily,62,0.0,3.0,29.0,32.0
Tesla Inc,aznoptions,61,29.0,9.0,128.0,166.0
Tesla Inc,raviromo,61,3.0,7.0,30.0,40.0
Tesla Inc,mikes_charts,60,20.0,32.0,175.0,227.0
Tesla Inc,ro_patel,60,3.0,5.0,33.0,41.0
Tesla Inc,thegreenisback,60,2.0,8.0,45.0,55.0
Tesla Inc,themarketsdaily,60,2.0,0.0,6.0,8.0
Tesla Inc,zolmaxnews,60,0.0,1.0,3.0,4.0
Tesla Inc,dakotafinancial,59,1.0,0.0,10.0,11.0
Tesla Inc,sleekoptions,56,3.0,0.0,8.0,11.0
Tesla Inc,brucerollins,55,4.0,2.0,19.0,25.0
Tesla Inc,weekherald,54,1.0,2.0,8.0,11.0
Tesla Inc,shoprecord,53,17.0,10.0,14.0,41.0
Tesla Inc,thweissxfx,53,15.0,10.0,130.0,155.0
Tesla Inc,finscreener_com,52,0.0,0.0,8.0,8.0
Tesla Inc,rufioooooh,52,17.0,3.0,42.0,62.0
Tesla Inc,classicoptions,51,12.0,30.0,223.0,265.0
Tesla Inc,racernic,50,17.0,45.0,90.0,152.0
Tesla Inc,reddogt3,50,184.0,159.0,1170.0,1513.0
Tesla Inc,magnoliag2012,49,2.0,4.0,9.0,15.0
Tesla Inc,shawncj6,48,16.0,1.0,15.0,32.0
Tesla Inc,sell_that_optio,47,4.0,3.0,8.0,15.0
Tesla Inc,daviddaubner,46,1.0,3.0,6.0,10.0
Tesla Inc,jctb1,46,7.0,66.0,88.0,161.0
Tesla Inc,fintwitamzn,45,1.0,1.0,10.0,12.0
Tesla Inc,marketedgepro,45,1.0,5.0,13.0,19.0
Tesla Inc,codemonk13,44,7.0,2.0,15.0,24.0
Tesla Inc,garythomson14,40,0.0,11.0,66.0,77.0
Tesla Inc,datatrekmb,33,11.0,12.0,19.0,42.0
Tesla Inc,jedimarkus77,32,33.0,14.0,135.0,182.0
Tesla Inc,rakutenstock,32,3.0,3.0,14.0,20.0
Tesla Inc,brianinvest,26,1.0,1.0,7.0,9.0
Tesla Inc,trading_analyst,23,0.0,1.0,7.0,8.0
Tesla Inc,wavegenius,22,0.0,0.0,11.0,11.0
Tesla Inc,stock_market_pr,21,0.0,1.0,8.0,9.0
Tesla Inc,waitcapital,21,5.0,1.0,48.0,54.0
Tesla Inc,mitickwatcher,18,0.0,0.0,2.0,2.0
Tesla Inc,bgamall,17,1.0,2.0,2.0,5.0
Tesla Inc,sonycomeback,16,2.0,6.0,4.0,12.0
Tesla Inc,askgeorgebailey,15,5.0,0.0,1.0,6.0
Tesla Inc,zerofiltertruth,14,1.0,0.0,6.0,7.0
Tesla Inc,stockmktgenius,13,0.0,1.0,11.0,12.0
Tesla Inc,nickfranciscoo,10,5.0,0.0,4.0,9.0
Tesla Inc,tradingthomas3,9,3.0,0.0,6.0,9.0
Tesla Inc,unhedgedchatter,5,3.0,0.0,2.0,5.0
Tesla Inc,bwuic,3,0.0,0.0,0.0,0.0
Tesla Inc,raindropsohmy,3,0.0,0.0,0.0,0.0
Tesla Inc,elpfan,1,0.0,0.0,0.0,0.0
Tesla Inc,jchengery,1,0.0,0.0,0.0,0.0
Tesla Inc,newsfilterio,1,0.0,0.0,0.0,0.0
Tesla Inc,wtcm3,1,1.0,1.0,5.0,7.0
apple,machashnews,7907,59.0,226.0,758.0,1043.0
apple,portfoliobuzz,5560,1.0,257.0,164.0,422.0
apple,treabase,4129,25.0,346.0,148.0,519.0
apple,davidmoadel,3742,339.0,1463.0,3653.0,5455.0
apple,wickedsplits,3632,95.0,507.0,269.0,871.0
apple,ulmhi,2304,2.0,5.0,15.0,22.0
apple,towelietrades,2163,19.0,62.0,240.0,321.0
apple,blogyomi,2155,6.0,4.0,16.0,26.0
apple,mikeo188,2096,686.0,201.0,1585.0,2472.0
apple,faisamtrader,1711,7.0,180.0,169.0,356.0
apple,optionalarm,1647,15.0,19.0,209.0,243.0
apple,elliottforecast,1555,37.0,354.0,619.0,1010.0
apple,fuckcnbc,1517,2.0,239.0,98.0,339.0
apple,exactoptionpick,1368,12.0,6.0,69.0,87.0
apple,theburdettelawf,1103,139.0,41.0,370.0,550.0
apple,stehaller,913,116.0,523.0,1197.0,1836.0
apple,aaaamhim,897,238.0,204.0,457.0,899.0
apple,ophirgottlieb,890,466.0,1032.0,2476.0,3974.0
apple,talkmarkets,858,9.0,17.0,89.0,115.0
apple,naashonomics,808,22.0,104.0,179.0,305.0
apple,themarketisopen,800,2.0,6.0,10.0,18.0
apple,alert_options,788,39.0,258.0,519.0,816.0
apple,wallstsolver,786,9.0,143.0,58.0,210.0
apple,wise_owl_trader,717,253.0,210.0,1378.0,1841.0
apple,realsheepwolf,712,238.0,3283.0,5045.0,8566.0
apple,topstockalerts1,712,23.0,42.0,100.0,165.0
apple,ericdavis221,679,581.0,17.0,165.0,763.0
apple,magnoliag2012,666,4.0,31.0,13.0,48.0
apple,madmraket,665,79.0,103.0,560.0,742.0
apple,sonycomeback,638,45.0,152.0,123.0,320.0
apple,sethcl,628,212.0,465.0,2435.0,3112.0
apple,minteractapp,604,25.0,184.0,158.0,367.0
apple,jacobsraffy,583,569.0,105.0,8.0,682.0
apple,eliteoptionswap,575,109.0,47.0,601.0,757.0
apple,shareplanner,551,31.0,609.0,262.0,902.0
apple,tickwatchermf,543,30.0,82.0,342.0,454.0
apple,hedgehogoptions,515,542.0,134.0,2188.0,2864.0
apple,jorellarakalel,515,10.0,46.0,126.0,182.0
apple,profectusystems,514,20.0,2.0,79.0,101.0
apple,quanttradr,501,147.0,59.0,283.0,489.0
apple,squawksquare,500,87.0,38.0,298.0,423.0
apple,freetrades4u,498,28.0,43.0,482.0,553.0
apple,iamtito_,493,1.0,26.0,8.0,35.0
apple,options,482,29.0,97.0,195.0,321.0
apple,teresatrades,476,50.0,121.0,713.0,884.0
apple,visualstockrsrc,476,0.0,8.0,12.0,20.0
apple,1minutestock,470,1.0,4.0,11.0,16.0
apple,otc_cyborg,462,14.0,314.0,559.0,887.0
apple,stock_family,457,36.0,63.0,208.0,307.0
apple,newsfilterio,453,0.0,58.0,24.0,82.0
apple,rimisback,451,136.0,451.0,823.0,1410.0
apple,theflynews,426,32.0,1050.0,577.0,1659.0
apple,raymond10mm,420,54.0,131.0,526.0,711.0
apple,jjjinvesting,418,22.0,65.0,146.0,233.0
apple,briefingcom,413,15.0,266.0,88.0,369.0
apple,larrylivinston,413,42.0,42.0,213.0,297.0
apple,truebubblehead,413,303.0,341.0,2929.0,3573.0
apple,stickycactusink,411,40.0,283.0,368.0,691.0
apple,swingtradeideas,408,0.0,3.0,2.0,5.0
apple,raindropsohmy,406,20.0,30.0,43.0,93.0
apple,marketcurrents,396,13.0,175.0,199.0,387.0
apple,bgamall,376,7.0,27.0,27.0,61.0
apple,barchart,374,14.0,138.0,279.0,431.0
apple,thestreet,372,374.0,1174.0,3044.0,4592.0
apple,autonomouscns,360,4.0,14.0,20.0,38.0
apple,johnscharts,359,440.0,524.0,3611.0,4575.0
apple,itradevol,358,33.0,177.0,427.0,637.0
apple,stckpro,356,2.0,29.0,10.0,41.0
apple,justinpulitzer,355,278.0,190.0,1426.0,1894.0
apple,seekingalpha,353,29.0,190.0,351.0,570.0
apple,oactrading,350,0.0,5.0,17.0,22.0
apple,rufioooooh,350,163.0,25.0,80.0,268.0
apple,mchaudhry82,349,96.0,366.0,1754.0,2216.0
apple,trader_blitz,343,16.0,9.0,62.0,87.0
apple,shortvolumes,340,2.0,1.0,25.0,28.0
apple,wallstreetelix5,340,142.0,78.0,1129.0,1349.0
apple,spartantrading,332,127.0,344.0,1168.0,1639.0
apple,bwuic,328,3.0,31.0,43.0,77.0
apple,wingtrades,325,3.0,14.0,60.0,77.0
apple,chrisgellis,315,2.0,32.0,11.0,45.0
apple,sawa201200,313,12.0,2.0,15.0,29.0
apple,apppro1,310,87.0,30.0,101.0,218.0
apple,ideasprime,304,16.0,9.0,33.0,58.0
apple,mc_optiontrades,295,5.0,21.0,56.0,82.0
apple,sjoerdapp,294,1.0,35.0,44.0,80.0
apple,marketrealist,287,4.0,24.0,67.0,95.0
apple,americanbanking,283,2.0,7.0,18.0,27.0
apple,gerberkawasaki,281,2583.0,1467.0,12199.0,16249.0
apple,benzinga,278,42.0,395.0,439.0,876.0
apple,facebookipoflop,278,48.0,25.0,76.0,149.0
apple,420weedstreet,275,24.0,66.0,170.0,260.0
apple,stockspastor,274,20.0,182.0,409.0,611.0
apple,ewfsanjay,272,4.0,23.0,34.0,61.0
apple,luke_sosnowski,268,208.0,366.0,1381.0,1955.0
apple,myquikfo,267,6.0,53.0,46.0,105.0
apple,ro_patel,265,13.0,18.0,73.0,104.0
apple,eliteoptions2,264,597.0,597.0,3167.0,4361.0
apple,optioncharts,258,7.0,3.0,31.0,41.0
apple,trickmitch1,258,373.0,298.0,2201.0,2872.0
apple,drugdoctor2014,256,18.0,119.0,609.0,746.0
apple,data168,254,164.0,98.0,650.0,912.0
apple,jedimarkus77,252,315.0,106.0,1265.0,1686.0
apple,papaspoppinpeny,252,5.0,98.0,96.0,199.0
apple,ivolatility,251,7.0,5.0,29.0,41.0
apple,optionsmaxpain,250,3.0,1.0,10.0,14.0
apple,upboptionmil,249,92.0,720.0,1697.0,2509.0
apple,filmprofessor9,238,171.0,56.0,435.0,662.0
apple,ratingsnetwork,238,0.0,10.0,16.0,26.0
apple,brucerollins,235,13.0,6.0,29.0,48.0
apple,stockscoops,235,5.0,8.0,24.0,37.0
apple,mitickwatcher,232,5.0,3.0,12.0,20.0
apple,thelincolnlist,227,18.0,31.0,122.0,171.0
apple,dataswarmm,225,0.0,0.0,0.0,0.0
apple,whatsonthorold2,225,0.0,0.0,3.0,3.0
apple,cheddarflow,223,44.0,162.0,559.0,765.0
apple,stockmktgenius,219,1.0,0.0,38.0,39.0
apple,roberee,218,41.0,25.0,48.0,114.0
apple,sl20707,216,0.0,6.0,13.0,19.0
apple,tos_option,216,20.0,28.0,194.0,242.0
apple,tq_equities,213,4.0,14.0,11.0,29.0
apple,stockhoot,212,5.0,3.0,20.0,28.0
apple,techniquant,212,3.0,256.0,35.0,294.0
apple,sleekoptions,211,3.0,27.0,16.0,46.0
apple,daviddaubner,209,1.0,11.0,50.0,62.0
apple,permabear_uk,206,83.0,180.0,775.0,1038.0
apple,reddogt3,205,608.0,672.0,4241.0,5521.0
apple,rttradingideas,204,63.0,24.0,157.0,244.0
apple,misselllly,203,34.0,28.0,121.0,183.0
apple,finscreener_com,199,0.0,1.0,31.0,32.0
apple,optionsforecast,199,72.0,40.0,420.0,532.0
apple,marketedgepro,198,2.0,32.0,52.0,86.0
apple,dzierler,196,55.0,155.0,388.0,598.0
apple,racernic,195,35.0,171.0,295.0,501.0
apple,openoutcrier,194,136.0,382.0,918.0,1436.0
apple,psk2329,190,85.0,150.0,743.0,978.0
apple,marketchmln,187,7.0,17.0,36.0,60.0
apple,waitcapital,187,87.0,23.0,423.0,533.0
apple,wsbconsensus,186,28.0,39.0,87.0,154.0
apple,15minofpham,185,10.0,40.0,107.0,157.0
apple,elcryptochief,185,3.0,6.0,18.0,27.0
apple,thegreenisback,185,2.0,21.0,123.0,146.0
apple,opinicusholding,184,22.0,17.0,211.0,250.0
apple,sssvenky,183,167.0,73.0,925.0,1165.0
apple,sell_that_optio,182,3.0,6.0,22.0,31.0
apple,androsform,179,11.0,17.0,73.0,101.0
apple,optionsprooi,179,0.0,13.0,12.0,25.0
apple,msectors,176,10.0,62.0,121.0,193.0
apple,datatrekmb,175,12.0,96.0,122.0,230.0
apple,marketbeatnews,174,5.0,5.0,12.0,22.0
apple,lamonicabuzz,173,99.0,253.0,728.0,1080.0
apple,raviromo,173,14.0,35.0,71.0,120.0
apple,tickeron,172,7.0,14.0,10.0,31.0
apple,tradingguru,171,12.0,27.0,76.0,115.0
apple,tickerreport,170,1.0,4.0,11.0,16.0
apple,traderdanny77,170,19.0,28.0,124.0,171.0
apple,aznoptions,168,80.0,61.0,337.0,478.0
apple,drweeklyoptions,167,32.0,22.0,258.0,312.0
apple,pipstodollars,167,112.0,145.0,572.0,829.0
apple,vonklein300,163,25.0,67.0,204.0,296.0
apple,michaelmottcm,162,51.0,55.0,228.0,334.0
apple,kingmidasau1,159,14.0,434.0,879.0,1327.0
apple,teshen8lin,158,27.0,33.0,75.0,135.0
apple,mdtrades12,155,135.0,53.0,612.0,800.0
apple,spiderman_3s,155,17.0,35.0,260.0,312.0
apple,warren_tt,155,92.0,13.0,167.0,272.0
apple,classicoptions,154,31.0,101.0,718.0,850.0
apple,optionstradin17,154,133.0,203.0,646.0,982.0
apple,fpswatchlist,151,10.0,98.0,253.0,361.0
apple,farrisbaba,149,291.0,98.0,1221.0,1610.0
apple,naviavatar1,148,94.0,201.0,455.0,750.0
apple,swingtradebot,146,5.0,5.0,4.0,14.0
apple,bs_marker,144,1.0,27.0,10.0,38.0
apple,pkchin888,143,1.0,0.0,42.0,43.0
apple,rakutenstock,143,6.0,39.0,44.0,89.0
apple,shoprecord,143,39.0,25.0,40.0,104.0
apple,mkt_matrix,142,7.0,19.0,54.0,80.0
apple,realmoney,142,53.0,284.0,597.0,934.0
apple,roka_dura,142,70.0,12.0,302.0,384.0
apple,petertrader99,141,228.0,56.0,841.0,1125.0
apple,accessatrader,139,10.0,68.0,131.0,209.0
apple,optionsmike,139,158.0,214.0,1271.0,1643.0
apple,stock_market_pr,139,2.0,17.0,8.0,27.0
apple,techeblog,139,10.0,247.0,119.0,376.0
apple,chitraders,138,5.0,15.0,24.0,44.0
apple,infinituscap,138,50.0,22.0,82.0,154.0
apple,weijgenberger,138,0.0,4.0,5.0,9.0
apple,trading_analyst,135,8.0,10.0,59.0,77.0
apple,garythomson14,134,2.0,46.0,197.0,245.0
apple,investidea1,134,3.0,43.0,29.0,75.0
apple,kasdad,134,75.0,24.0,254.0,353.0
apple,ntfri,133,58.0,45.0,277.0,380.0
apple,rampuptrading,132,151.0,247.0,1956.0,2354.0
apple,bullbearcharts,131,1.0,4.0,17.0,22.0
apple,everytimeicash,130,34.0,37.0,320.0,391.0
apple,si_investor,130,1.0,5.0,10.0,16.0
apple,ebitdatrades,129,2.0,59.0,44.0,105.0
apple,tradewithtechs,129,35.0,80.0,388.0,503.0
apple,mikes_charts,127,81.0,61.0,352.0,494.0
apple,seyedoption,127,42.0,14.0,179.0,235.0
apple,stock_hunter89,127,77.0,67.0,649.0,793.0
apple,wavegenius,127,2.0,11.0,13.0,26.0
apple,options_ov,126,68.0,34.0,341.0,443.0
apple,swatresearch,126,82.0,72.0,397.0,551.0
apple,optionslocator,125,18.0,26.0,122.0,166.0
apple,saar_eldar,124,8.0,14.0,45.0,67.0
apple,llyrx,121,7.0,18.0,147.0,172.0
apple,tmgstocktips,121,12.0,98.0,183.0,293.0
apple,breaking24seven,120,6.0,59.0,72.0,137.0
apple,theoptionspros,119,9.0,9.0,53.0,71.0
apple,vieirauae,119,6.0,132.0,108.0,246.0
apple,consumerfeed,116,1.0,2.0,3.0,6.0
apple,investorplace,116,6.0,21.0,28.0,55.0
apple,hotteststocknow,115,1.0,8.0,7.0,16.0
apple,jamesowenthe3rd,113,23.0,23.0,227.0,273.0
apple,jchengery,111,0.0,8.0,170.0,178.0
apple,kreviewer1,110,0.0,0.0,1.0,1.0
apple,nickfranciscoo,109,36.0,7.0,31.0,74.0
apple,llcbillionaire,107,8.0,50.0,114.0,172.0
apple,tfnn,107,1.0,13.0,20.0,34.0
apple,xosignals,107,3.0,3.0,28.0,34.0
apple,zerofiltertruth,107,7.0,12.0,44.0,63.0
apple,jessecoheninv,106,46.0,145.0,333.0,524.0
apple,dailypoliticaln,104,0.0,1.0,6.0,7.0
apple,dakotafinancial,104,0.0,1.0,3.0,4.0
apple,canuck2usa,103,124.0,153.0,842.0,1119.0
apple,codemonk13,103,11.0,5.0,44.0,60.0
apple,unhedgedchatter,103,61.0,19.0,90.0,170.0
apple,weekherald,102,1.0,1.0,9.0,11.0
apple,dapstats,101,69.0,22.0,90.0,181.0
apple,teckanalytics,101,3.0,35.0,101.0,139.0
apple,olympiareport,100,1.0,0.0,4.0,5.0
apple,thislincolnian,100,0.0,0.0,4.0,4.0
apple,zolmaxnews,99,0.0,3.0,10.0,13.0
apple,financialbuzz,98,0.0,224.0,1040.0,1264.0
apple,themarketsdaily,98,0.0,2.0,4.0,6.0
apple,transcriptdaily,97,0.0,4.0,10.0,14.0
apple,protrader_vini,95,65.0,6.0,236.0,307.0
apple,dispatchtribune,93,0.0,0.0,4.0,4.0
apple,felipepotes83,92,3.0,6.0,13.0,22.0
apple,cfingraphs,90,0.0,0.0,1.0,1.0
apple,alicech76224366,87,30.0,6.0,51.0,87.0
apple,asymmetricalpha,87,184.0,40.0,754.0,978.0
apple,carmex212,86,51.0,7.0,61.0,119.0
apple,danshep55,86,56.0,36.0,357.0,449.0
apple,elpfan,84,0.0,5.0,3.0,8.0
apple,oppayahtwitr,84,49.0,51.0,163.0,263.0
apple,trendspider,84,52.0,137.0,492.0,681.0
apple,caetuscap,83,83.0,11.0,161.0,255.0
apple,tradingthomas3,83,65.0,9.0,226.0,300.0
apple,mwm76,82,10.0,4.0,15.0,29.0
apple,banana3stocks,80,18.0,7.0,54.0,79.0
apple,globalinvestor5,80,7.0,21.0,46.0,74.0
apple,j_p_jacques,80,42.0,45.0,179.0,266.0
apple,aaronklein10x,77,84.0,49.0,184.0,317.0
apple,fintwitamzn,77,3.0,3.0,13.0,19.0
apple,askgeorgebailey,75,10.0,22.0,25.0,57.0
apple,dukesealman,75,7.0,21.0,39.0,67.0
apple,manictrading,75,22.0,15.0,199.0,236.0
apple,deafdaytrader,74,133.0,55.0,880.0,1068.0
apple,bob2trader,65,3.0,10.0,32.0,45.0
apple,realwillmeade,64,208.0,169.0,1465.0,1842.0
apple,jefffocker,63,6.0,2.0,11.0,19.0
apple,echotoall,59,9.0,12.0,35.0,56.0
apple,gambistefinance,57,2.0,10.0,9.0,21.0
apple,jctb1,54,7.0,73.0,103.0,183.0
apple,ryuofdarkness,54,0.0,6.0,2.0,8.0
apple,fintwittsla,53,2.0,8.0,25.0,35.0
apple,tradingwizard1,51,14.0,19.0,42.0,75.0
apple,thweissxfx,47,7.0,8.0,90.0,105.0
apple,wtcm3,45,28.0,62.0,394.0,484.0
apple,timcgriffith,40,0.0,16.0,25.0,41.0
apple,brainhoits,38,7.0,9.0,10.0,26.0
apple,mr_moonstocks,32,7.0,1.0,24.0,32.0
apple,fininvtr,27,1.0,24.0,28.0,53.0
apple,investorideas,27,0.0,9.0,2.0,11.0
apple,passthebeano,25,8.0,3.0,70.0,81.0
apple,shawncj6,25,4.0,3.0,5.0,12.0
apple,japanesegunto,24,0.0,0.0,6.0,6.0
apple,scriptstotrade,24,5.0,3.0,80.0,88.0
apple,boardtownblast,22,1.0,26.0,5.0,32.0
apple,maythefroth,22,6.0,0.0,4.0,10.0
apple,pbay08,22,8.0,4.0,25.0,37.0
apple,randyvegetables,21,19.0,0.0,18.0,37.0
apple,milestaylor47,20,8.0,2.0,15.0,25.0
apple,paully_steaks,20,3.0,2.0,11.0,16.0
apple,talesftf,20,23.0,4.0,34.0,61.0
apple,valueanalyst1,20,44.0,31.0,441.0,516.0
apple,mothercabrininy,19,12.0,6.0,66.0,84.0
apple,bertelschmitt,18,8.0,8.0,37.0,53.0
apple,biggie_calls,17,14.0,3.0,38.0,55.0
apple,invresdynamics,17,24.0,28.0,170.0,222.0
apple,contrarianshort,16,8.0,1.0,56.0,65.0
apple,patrickcomack,16,2.0,0.0,20.0,22.0
apple,markbspiegel,13,51.0,19.0,381.0,451.0
apple,sbalatan,13,6.0,0.0,19.0,25.0
apple,brisance,12,9.0,2.0,6.0,17.0
apple,c4chaos,12,1.0,7.0,55.0,63.0
apple,justtradin,12,4.0,0.0,8.0,12.0
apple,commuternyc,11,7.0,0.0,10.0,17.0
apple,kamiari_,9,2.0,1.0,5.0,8.0
apple,bradmunchen,8,7.0,1.0,37.0,45.0
apple,kaffeedosenfil1,8,3.0,0.0,3.0,6.0
apple,shortingisfun,8,23.0,4.0,83.0,110.0
apple,wheels88fortune,8,2.0,0.0,13.0,15.0
apple,bagholderquotes,7,22.0,26.0,303.0,351.0
apple,evdefender,6,8.0,8.0,105.0,121.0
apple,fusionptcapital,6,7.0,3.0,50.0,60.0
apple,jcoviedo6,6,1.0,1.0,4.0,6.0
apple,plainsite,6,11.0,7.0,76.0,94.0
apple,pluginfud,6,11.0,0.0,47.0,58.0
apple,rooseveltpatoo1,6,3.0,1.0,8.0,12.0
apple,steelnicho,6,1.0,0.0,2.0,3.0
apple,tilmanwinkler,6,0.0,0.0,6.0,6.0
apple,yeomen23,6,2.0,1.0,20.0,23.0
apple,anky7544,5,1.0,1.0,3.0,5.0
apple,g_schelle,5,2.0,1.0,2.0,5.0
apple,jurabilis,5,0.0,0.0,8.0,8.0
apple,kkublai5,5,3.0,0.0,17.0,20.0
apple,phenomenalpoto,5,9.0,5.0,123.0,137.0
apple,rtgt_guinness,5,0.0,2.0,1.0,3.0
apple,stkbullgod,5,11.0,4.0,35.0,50.0
apple,wallstcynic,5,12.0,5.0,81.0,98.0
apple,wintoncapptnrs,5,2.0,1.0,30.0,33.0
apple,bgrahamdisciple,4,8.0,3.0,73.0,84.0
apple,davebudge,4,3.0,2.0,8.0,13.0
apple,orthereaboot,4,4.0,1.0,34.0,39.0
apple,salt_nole,4,1.0,0.0,17.0,18.0
apple,teslacito,4,2.0,0.0,1.0,3.0
apple,vincent13031925,4,46.0,62.0,803.0,911.0
apple,bradsferguson,3,1.0,2.0,2.0,5.0
apple,chris_stearns,3,1.0,2.0,6.0,9.0
apple,grainsurgeon,3,12.0,4.0,48.0,64.0
apple,investorswan,3,0.0,1.0,3.0,4.0
apple,jackwildcat,3,1.0,0.0,3.0,4.0
apple,jebkinnison,3,2.0,8.0,58.0,68.0
apple,reurope_stock,3,0.0,0.0,0.0,0.0
apple,subach,3,2.0,0.0,2.0,4.0
apple,boldmovefitness,2,0.0,0.0,1.0,1.0
apple,bomsteinrick,2,0.0,1.0,1.0,2.0
apple,jonbryant421,2,1.0,1.0,2.0,4.0
apple,modelyendofice,2,0.0,0.0,0.0,0.0
apple,teslacharts,2,17.0,37.0,305.0,359.0
apple,themicrx,2,0.0,1.0,4.0,5.0
apple,tomi,2,3.0,1.0,23.0,27.0
apple,tool_grinder,2,1.0,0.0,2.0,3.0
apple,twainsmustache,2,0.0,0.0,5.0,5.0
apple,dathandsomejerk,1,0.0,0.0,0.0,0.0
apple,donutshorts,1,0.0,0.0,3.0,3.0
apple,dope007,1,5.0,0.0,1.0,6.0
apple,enertuition,1,1.0,0.0,9.0,10.0
apple,ethicsgradient,1,7.0,0.0,2.0,9.0
apple,facts_tesla,1,5.0,32.0,109.0,146.0
apple,fly4dat,1,1.0,0.0,1.0,2.0
apple,greatcrasho2018,1,0.0,0.0,9.0,9.0
apple,paul91701736,1,0.0,1.0,2.0,3.0
apple,polixenes13,1,2.0,1.0,12.0,15.0
apple,ventmixologist,1,0.0,0.0,4.0,4.0
